timestamp	model	task	conf	F2_test	CI_lo	CI_hi	n_videos	B	pair_vs	delta	delta_lo	delta_hi
2026-08-26 03:58	canon_bfi_n_s2_best_e8	bbox_from_instance	0.04	0.5008	0.2642	0.6695	71	1000				
2026-08-26 03:58	t1_nano_k025_t024_s2_n_s1_best_e3	bbox_from_instance	0.13	0.5336	0.2544	0.7128	71	1000				
2026-08-26 01:39	t1_nano_k025_t024_s2_n_s1_best_e3	bbox_from_instance	0.13	0.5336			71	1000	canon_bfi_n_s2_best_e8	0.0327	-0.0310	0.0784
2026-08-26 03:58	canon_bfi_n_s2_best_e8	bbox	0.06	0.5177	0.2476	0.6956	71	1000				
2026-08-26 03:58	t1_nano_k025_t024_s2_n_s1_best_e3	bbox	0.14	0.5370	0.2577	0.7144	71	1000				
2026-08-26 01:39	t1_nano_k025_t024_s2_n_s1_best_e3	bbox	0.14	0.5370			71	1000	canon_bfi_n_s2_best_e8	0.0193	-0.0315	0.0601
2026-08-26 02:04	t1_nano_k025_t024_s1_n_s1_best_e2	bbox_from_instance	0.04	0.5130	0.2634	0.7033	71	1000				
2026-08-26 02:04	t1_nano_k025_t024_s1_n_s1_best_e2	bbox	0.04	0.5269	0.2558	0.7083	71	1000				
2026-08-26 03:58	canon_bfi_n_s3_best_e22	bbox_from_instance	0.04	0.4525	0.1836	0.6733	71	1000				
2026-08-26 03:58	canon_bfi_n_s3_best_e22	bbox	0.04	0.4631	0.2032	0.6855	71	1000				
2026-08-26 03:58	t1_nano_k025_t024_s1_n_s3_best_e2	bbox_from_instance	0.07	0.5520	0.2730	0.7381	71	1000				
2026-08-26 03:58	t1_nano_k025_t024_s1_n_s3_best_e2	bbox	0.07	0.5438	0.2830	0.7141	71	1000				
2026-08-26 02:38	t1_nano_k025_t024_s1_n_s3_best_e2	bbox_from_instance	0.07	0.5520			71	1000	canon_bfi_n_s3_best_e22	0.0995	0.0030	0.2121
2026-08-26 02:38	t1_nano_k025_t024_s1_n_s3_best_e2	bbox	0.07	0.5438			71	1000	canon_bfi_n_s3_best_e22	0.0807	-0.0069	0.1731
2026-08-26 03:58	interp_gt_s1_n_s2_best_e2	bbox_from_instance	0.07	0.5518	0.2746	0.7325	71	1000				
2026-08-26 03:58	interp_gt_s1_n_s3_best_e3	bbox_from_instance	0.03	0.4987	0.2143	0.6773	71	1000				
2026-08-26 03:58	interp_gt_s1_n_s2_best_e2	bbox	0.07	0.5552	0.2703	0.7498	71	1000				
2026-08-26 03:58	interp_gt_s1_n_s3_best_e3	bbox	0.04	0.5002	0.2050	0.6976	71	1000				
2026-08-26 03:09	t1_nano_k025_t024_s1_n_s3_best_e2	bbox_from_instance	0.07	0.5520			71	1000	interp_gt_s1_n_s3_best_e3	0.0533	0.0004	0.1373
2026-08-26 03:09	interp_gt_s1_n_s3_best_e3	bbox_from_instance	0.03	0.4987			71	1000	canon_bfi_n_s3_best_e22	0.0463	-0.0579	0.1654
2026-08-26 03:09	interp_gt_s1_n_s2_best_e2	bbox_from_instance	0.07	0.5518			71	1000	canon_bfi_n_s2_best_e8	0.0510	-0.0074	0.0919
2026-08-26 03:09	t1_nano_k025_t024_s1_n_s3_best_e2	bbox	0.07	0.5438			71	1000	interp_gt_s1_n_s3_best_e3	0.0435	-0.0077	0.1288
2026-08-26 03:09	interp_gt_s1_n_s3_best_e3	bbox	0.04	0.5002			71	1000	canon_bfi_n_s3_best_e22	0.0371	-0.0590	0.1416
2026-08-26 03:09	interp_gt_s1_n_s2_best_e2	bbox	0.07	0.5552			71	1000	canon_bfi_n_s2_best_e8	0.0375	-0.0105	0.0736
2026-08-26 03:58	t1_nano_k025_t024_s1_n_s2_best_e2	bbox_from_instance	0.06	0.5274	0.2654	0.6953	71	1000				
2026-08-26 03:58	t1_nano_k025_t024_s1_n_s2_best_e2	bbox_from_instance	0.06	0.5274			71	1000	canon_bfi_n_s2_best_e8	0.0266	-0.0395	0.0737
2026-08-26 03:58	t1_nano_k025_t024_s1_n_s2_best_e2	bbox_from_instance	0.06	0.5274			71	1000	interp_gt_s1_n_s2_best_e2	-0.0245	-0.0798	0.0413
2026-08-26 03:58	t1_nano_k025_t024_s1_n_s2_best_e2	bbox	0.10	0.5256	0.2418	0.6941	71	1000				
2026-08-26 03:58	t1_nano_k025_t024_s1_n_s2_best_e2	bbox	0.10	0.5256			71	1000	canon_bfi_n_s2_best_e8	0.0079	-0.0504	0.0525
2026-08-26 03:58	t1_nano_k025_t024_s1_n_s2_best_e2	bbox	0.10	0.5256			71	1000	interp_gt_s1_n_s2_best_e2	-0.0296	-0.0798	0.0176
2026-08-26 04:18	t1_nano_k025_t024_s4_n_s1_best_e4	bbox_from_instance	0.07	0.4655	0.1885	0.6665	71	1000				
2026-08-26 04:18	t1_nano_k025_t024_s4_n_s1_best_e4	bbox	0.09	0.4666	0.1615	0.6710	71	1000				
2026-08-26 04:28	t1_nano_k0_t024_s1_n_s1_best_e2	bbox_from_instance	0.04	0.4966	0.2471	0.6871	71	1000				
2026-08-26 04:28	t1_nano_k0_t024_s1_n_s1_best_e2	bbox	0.04	0.5119	0.2523	0.6898	71	1000				
2026-08-26 04:28	canon_bfi_n_s2_best_e8	bbox_from_instance	0.04	0.5008	0.2642	0.6695	71	1000				
2026-08-26 04:28	canon_bfi_n_s3_best_e22	bbox_from_instance	0.04	0.4525	0.1836	0.6733	71	1000				
2026-08-26 04:28	interp_gt_s1_n_s2_best_e2	bbox_from_instance	0.07	0.5518	0.2746	0.7325	71	1000				
2026-08-26 04:28	interp_gt_s1_n_s3_best_e3	bbox_from_instance	0.03	0.4987	0.2143	0.6773	71	1000				
2026-08-26 04:28	kd_bfi_x_n_s2_best_e21	bbox_from_instance	0.02	0.4889	0.2267	0.6952	71	1000				
2026-08-26 04:28	t1_nano_k025_t024_s1_n_s1_best_e2	bbox_from_instance	0.04	0.5130	0.2556	0.7127	71	1000				
2026-08-26 04:28	t1_nano_k025_t024_s1_n_s2_best_e2	bbox_from_instance	0.06	0.5274	0.2474	0.7036	71	1000				
2026-08-26 04:28	t1_nano_k025_t024_s1_n_s3_best_e2	bbox_from_instance	0.07	0.5520	0.2927	0.7416	71	1000				
2026-08-26 04:29	t1_nano_k025_t024_s2_n_s1_best_e3	bbox_from_instance	0.13	0.5336	0.2731	0.7055	71	1000				
2026-08-26 04:29	t1_nano_k025_t024_s4_n_s1_best_e4	bbox_from_instance	0.07	0.4655	0.1897	0.6851	71	1000				
2026-08-26 04:29	t1_nano_k0_t024_s1_n_s1_best_e2	bbox_from_instance	0.04	0.4966	0.2531	0.7120	71	1000				
2026-08-26 04:29	t1_nano_k025_t024_s1_n_s1_best_e2	bbox_from_instance	0.04	0.5130			71	1000	t1_nano_k0_t024_s1_n_s1_best_e2	0.0164	-0.0311	0.0653
2026-08-26 04:29	canon_bfi_n_s2_best_e8	bbox	0.06	0.5177	0.2393	0.6834	71	1000				
2026-08-26 04:29	canon_bfi_n_s3_best_e22	bbox	0.04	0.4631	0.2013	0.6753	71	1000				
2026-08-26 04:29	interp_gt_s1_n_s2_best_e2	bbox	0.07	0.5552	0.2821	0.7435	71	1000				
2026-08-26 04:29	interp_gt_s1_n_s3_best_e3	bbox	0.04	0.5002	0.1847	0.6976	71	1000				
2026-08-26 04:29	kd_bfi_x_n_s2_best_e21	bbox	0.02	0.5273	0.2554	0.7146	71	1000				
2026-08-26 04:29	t1_nano_k025_t024_s1_n_s1_best_e2	bbox	0.04	0.5269	0.2331	0.7200	71	1000				
2026-08-26 04:29	t1_nano_k025_t024_s1_n_s2_best_e2	bbox	0.10	0.5256	0.2280	0.7014	71	1000				
2026-08-26 04:29	t1_nano_k025_t024_s1_n_s3_best_e2	bbox	0.07	0.5438	0.2645	0.7159	71	1000				
2026-08-26 04:29	t1_nano_k025_t024_s2_n_s1_best_e3	bbox	0.14	0.5370	0.2418	0.7057	71	1000				
2026-08-26 04:29	t1_nano_k025_t024_s4_n_s1_best_e4	bbox	0.09	0.4666	0.1628	0.6808	71	1000				
2026-08-26 04:29	t1_nano_k0_t024_s1_n_s1_best_e2	bbox	0.04	0.5119	0.2415	0.7117	71	1000				
2026-08-26 04:29	t1_nano_k025_t024_s1_n_s1_best_e2	bbox	0.04	0.5269			71	1000	t1_nano_k0_t024_s1_n_s1_best_e2	0.0150	-0.0281	0.0592
2026-08-26 04:38	canon_bfi_n_s2_best_e8	bbox_from_instance	0.04	0.5008	0.2642	0.6695	71	1000				
2026-08-26 04:38	canon_bfi_n_s3_best_e22	bbox_from_instance	0.04	0.4525	0.1836	0.6733	71	1000				
2026-08-26 04:38	interp_gt_s1_n_s2_best_e2	bbox_from_instance	0.07	0.5518	0.2746	0.7325	71	1000				
2026-08-26 04:38	interp_gt_s1_n_s3_best_e3	bbox_from_instance	0.03	0.4987	0.2143	0.6773	71	1000				
2026-08-26 04:38	kd_bfi_x_n_s2_best_e21	bbox_from_instance	0.02	0.4889	0.2267	0.6952	71	1000				
2026-08-26 04:38	kd_bfi_x_n_s3_best_e22	bbox_from_instance	0.02	0.4918	0.2153	0.6868	71	1000				
2026-08-26 04:38	t1_nano_k025_t024_s1_n_s2_best_e2	bbox_from_instance	0.06	0.5274	0.2474	0.7036	71	1000				
2026-08-26 04:38	t1_nano_k025_t024_s1_n_s3_best_e2	bbox_from_instance	0.07	0.5520	0.2927	0.7416	71	1000				
2026-08-26 04:38	t1_nano_k025_t024_s2_n_s1_best_e3	bbox_from_instance	0.13	0.5336	0.2731	0.7055	71	1000				
2026-08-26 04:38	t1_nano_k025_t024_s4_n_s1_best_e4	bbox_from_instance	0.07	0.4655	0.1897	0.6851	71	1000				
2026-08-26 04:38	t1_nano_k0_t024_s1_n_s1_best_e2	bbox_from_instance	0.04	0.4966	0.2531	0.7120	71	1000				
2026-08-26 04:38	kd_bfi_x_n_s2_best_e21	bbox_from_instance	0.02	0.4889			71	1000	canon_bfi_n_s2_best_e8	-0.0119	-0.1258	0.0917
2026-08-26 04:38	kd_bfi_x_n_s2_best_e21	bbox_from_instance	0.02	0.4889			71	1000	t1_nano_k025_t024_s1_n_s2_best_e2	-0.0385	-0.1505	0.0793
2026-08-26 04:38	canon_bfi_n_s2_best_e8	bbox	0.06	0.5177	0.2393	0.6834	71	1000				
2026-08-26 04:38	canon_bfi_n_s3_best_e22	bbox	0.04	0.4631	0.2013	0.6753	71	1000				
2026-08-26 04:38	interp_gt_s1_n_s2_best_e2	bbox	0.07	0.5552	0.2821	0.7435	71	1000				
2026-08-26 04:38	interp_gt_s1_n_s3_best_e3	bbox	0.04	0.5002	0.1847	0.6976	71	1000				
2026-08-26 04:38	kd_bfi_x_n_s2_best_e21	bbox	0.02	0.5273	0.2554	0.7146	71	1000				
2026-08-26 04:38	kd_bfi_x_n_s3_best_e22	bbox	0.01	0.5150	0.2178	0.6980	71	1000				
2026-08-26 04:38	t1_nano_k025_t024_s1_n_s2_best_e2	bbox	0.10	0.5256	0.2280	0.7014	71	1000				
2026-08-26 04:39	t1_nano_k025_t024_s1_n_s3_best_e2	bbox	0.07	0.5438	0.2645	0.7159	71	1000				
2026-08-26 04:39	t1_nano_k025_t024_s2_n_s1_best_e3	bbox	0.14	0.5370	0.2418	0.7057	71	1000				
2026-08-26 04:39	t1_nano_k025_t024_s4_n_s1_best_e4	bbox	0.09	0.4666	0.1628	0.6808	71	1000				
2026-08-26 04:39	t1_nano_k0_t024_s1_n_s1_best_e2	bbox	0.04	0.5119	0.2415	0.7117	71	1000				
2026-08-26 04:39	kd_bfi_x_n_s2_best_e21	bbox	0.02	0.5273			71	1000	canon_bfi_n_s2_best_e8	0.0096	-0.0659	0.0957
2026-08-26 04:39	kd_bfi_x_n_s2_best_e21	bbox	0.02	0.5273			71	1000	t1_nano_k025_t024_s1_n_s2_best_e2	0.0017	-0.0720	0.1021
2026-08-26 04:48	canon_bfi_n_s2_best_e8	bbox_from_instance	0.04	0.5008	0.2642	0.6695	71	1000				
2026-08-26 04:48	canon_bfi_n_s3_best_e22	bbox_from_instance	0.04	0.4525	0.1836	0.6733	71	1000				
2026-08-26 04:48	interp_gt_s1_n_s2_best_e2	bbox_from_instance	0.07	0.5518	0.2746	0.7325	71	1000				
2026-08-26 04:48	interp_gt_s1_n_s3_best_e3	bbox_from_instance	0.03	0.4987	0.2143	0.6773	71	1000				
2026-08-26 04:48	kd_bfi_x_n_s2_best_e21	bbox_from_instance	0.02	0.4889	0.2267	0.6952	71	1000				
2026-08-26 04:48	kd_bfi_x_n_s3_best_e22	bbox_from_instance	0.02	0.4918	0.2153	0.6868	71	1000				
2026-08-26 04:48	t1_nano_k025_t024_s1_n_s2_best_e2	bbox_from_instance	0.06	0.5274	0.2474	0.7036	71	1000				
2026-08-26 04:48	t1_nano_k025_t024_s1_n_s3_best_e2	bbox_from_instance	0.07	0.5520	0.2927	0.7416	71	1000				
2026-08-26 04:48	t1_nano_k025_t024_s2_n_s1_best_e3	bbox_from_instance	0.13	0.5336	0.2731	0.7055	71	1000				
2026-08-26 04:48	t1_nano_k025_t024_s4_n_s1_best_e4	bbox_from_instance	0.07	0.4655	0.1897	0.6851	71	1000				
2026-08-26 04:48	t1_nano_k0_t024_s1_n_s1_best_e2	bbox_from_instance	0.04	0.4966	0.2531	0.7120	71	1000				
2026-08-26 04:48	kd_bfi_x_n_s3_best_e22	bbox_from_instance	0.02	0.4918			71	1000	canon_bfi_n_s3_best_e22	0.0393	-0.0427	0.1412
2026-08-26 04:48	canon_bfi_n_s2_best_e8	bbox	0.06	0.5177	0.2393	0.6834	71	1000				
2026-08-26 04:48	canon_bfi_n_s3_best_e22	bbox	0.04	0.4631	0.2013	0.6753	71	1000				
2026-08-26 04:48	interp_gt_s1_n_s2_best_e2	bbox	0.07	0.5552	0.2821	0.7435	71	1000				
2026-08-26 04:48	interp_gt_s1_n_s3_best_e3	bbox	0.04	0.5002	0.1847	0.6976	71	1000				
2026-08-26 04:49	kd_bfi_x_n_s2_best_e21	bbox	0.02	0.5273	0.2554	0.7146	71	1000				
2026-08-26 04:49	kd_bfi_x_n_s3_best_e22	bbox	0.01	0.5150	0.2178	0.6980	71	1000				
2026-08-26 04:49	t1_nano_k025_t024_s1_n_s2_best_e2	bbox	0.10	0.5256	0.2280	0.7014	71	1000				
2026-08-26 04:49	t1_nano_k025_t024_s1_n_s3_best_e2	bbox	0.07	0.5438	0.2645	0.7159	71	1000				
2026-08-26 04:49	t1_nano_k025_t024_s2_n_s1_best_e3	bbox	0.14	0.5370	0.2418	0.7057	71	1000				
2026-08-26 04:49	t1_nano_k025_t024_s4_n_s1_best_e4	bbox	0.09	0.4666	0.1628	0.6808	71	1000				
2026-08-26 04:49	t1_nano_k0_t024_s1_n_s1_best_e2	bbox	0.04	0.5119	0.2415	0.7117	71	1000				
2026-08-26 04:49	kd_bfi_x_n_s3_best_e22	bbox	0.01	0.5150			71	1000	canon_bfi_n_s3_best_e22	0.0519	-0.0503	0.1906
2026-08-26 05:37	canon_bfi_n_s1_best_e18	bbox_from_instance	0.03	0.4967	0.2605	0.6968	71	1000				
2026-08-26 05:37	canon_bfi_n_s2_best_e8	bbox_from_instance	0.04	0.5008	0.2645	0.6679	71	1000				
2026-08-26 05:37	canon_bfi_n_s3_best_e22	bbox_from_instance	0.04	0.4525	0.1670	0.6736	71	1000				
2026-08-26 05:37	interp_gt_s1_n_s2_best_e2	bbox_from_instance	0.07	0.5518	0.2816	0.7250	71	1000				
2026-08-26 05:37	interp_gt_s1_n_s3_best_e3	bbox_from_instance	0.03	0.4987	0.2364	0.6830	71	1000				
2026-08-26 05:37	kd_bfi_x_n_s2_best_e21	bbox_from_instance	0.02	0.4889	0.2315	0.6982	71	1000				
2026-08-26 05:37	kd_bfi_x_n_s3_best_e22	bbox_from_instance	0.02	0.4918	0.2116	0.6920	71	1000				
2026-08-26 05:37	t1_nano_k025_t024_s1_n_s1_best_e2	bbox_from_instance	0.04	0.5130	0.2688	0.7188	71	1000				
2026-08-26 05:37	t1_nano_k025_t024_s1_n_s2_best_e2	bbox_from_instance	0.06	0.5274	0.2775	0.6908	71	1000				
2026-08-26 05:37	t1_nano_k025_t024_s1_n_s3_best_e2	bbox_from_instance	0.07	0.5520	0.2831	0.7408	71	1000				
2026-08-26 05:37	t1_nano_k025_t024_s2_n_s1_best_e3	bbox_from_instance	0.13	0.5336	0.2832	0.7198	71	1000				
2026-08-26 05:37	t1_nano_k025_t024_s4_n_s1_best_e4	bbox_from_instance	0.07	0.4655	0.1916	0.6773	71	1000				
2026-08-26 05:37	t1_nano_k0_t024_s1_n_s1_best_e2	bbox_from_instance	0.04	0.4966	0.2518	0.6861	71	1000				
2026-08-26 05:37	t1_nano_k025_t024_s1_n_s1_best_e2	bbox_from_instance	0.04	0.5130			71	1000	canon_bfi_n_s1_best_e18	0.0162	-0.0460	0.0783
2026-08-26 05:37	canon_bfi_n_s1_best_e18	bbox	0.03	0.5198	0.2954	0.7174	71	1000				
2026-08-26 05:37	canon_bfi_n_s2_best_e8	bbox	0.06	0.5177	0.2108	0.6888	71	1000				
2026-08-26 05:37	canon_bfi_n_s3_best_e22	bbox	0.04	0.4631	0.1885	0.6865	71	1000				
2026-08-26 05:37	interp_gt_s1_n_s2_best_e2	bbox	0.07	0.5552	0.2508	0.7484	71	1000				
2026-08-26 05:37	interp_gt_s1_n_s3_best_e3	bbox	0.04	0.5002	0.2066	0.6881	71	1000				
2026-08-26 05:37	kd_bfi_x_n_s2_best_e21	bbox	0.02	0.5273	0.2332	0.7117	71	1000				
2026-08-26 05:37	kd_bfi_x_n_s3_best_e22	bbox	0.01	0.5150	0.2320	0.6935	71	1000				
2026-08-26 05:37	t1_nano_k025_t024_s1_n_s1_best_e2	bbox	0.04	0.5269	0.2515	0.7071	71	1000				
2026-08-26 05:37	t1_nano_k025_t024_s1_n_s2_best_e2	bbox	0.10	0.5256	0.2292	0.7077	71	1000				
2026-08-26 05:37	t1_nano_k025_t024_s1_n_s3_best_e2	bbox	0.07	0.5438	0.2625	0.7207	71	1000				
2026-08-26 05:37	t1_nano_k025_t024_s2_n_s1_best_e3	bbox	0.14	0.5370	0.2508	0.6990	71	1000				
2026-08-26 05:38	t1_nano_k025_t024_s4_n_s1_best_e4	bbox	0.09	0.4666	0.1655	0.6881	71	1000				
2026-08-26 05:38	t1_nano_k0_t024_s1_n_s1_best_e2	bbox	0.04	0.5119	0.2500	0.7020	71	1000				
2026-08-26 05:38	t1_nano_k025_t024_s1_n_s1_best_e2	bbox	0.04	0.5269			71	1000	canon_bfi_n_s1_best_e18	0.0071	-0.0596	0.0757
2026-08-26 05:38	canon_bfi_n_s1_best_e18	bbox_from_instance	0.03	0.4967	0.2605	0.6968	71	1000				
2026-08-26 05:38	canon_bfi_n_s2_best_e8	bbox_from_instance	0.04	0.5008	0.2645	0.6679	71	1000				
2026-08-26 05:38	canon_bfi_n_s3_best_e22	bbox_from_instance	0.04	0.4525	0.1670	0.6736	71	1000				
2026-08-26 05:38	interp_gt_s1_n_s2_best_e2	bbox_from_instance	0.07	0.5518	0.2816	0.7250	71	1000				
2026-08-26 05:38	interp_gt_s1_n_s3_best_e3	bbox_from_instance	0.03	0.4987	0.2364	0.6830	71	1000				
2026-08-26 05:38	kd_bfi_x_n_s2_best_e21	bbox_from_instance	0.02	0.4889	0.2315	0.6982	71	1000				
2026-08-26 05:38	kd_bfi_x_n_s3_best_e22	bbox_from_instance	0.02	0.4918	0.2116	0.6920	71	1000				
2026-08-26 05:39	t1_nano_k025_t024_s1_n_s1_best_e2	bbox_from_instance	0.04	0.5130	0.2688	0.7188	71	1000				
2026-08-26 05:39	t1_nano_k025_t024_s1_n_s2_best_e2	bbox_from_instance	0.06	0.5274	0.2775	0.6908	71	1000				
2026-08-26 05:39	t1_nano_k025_t024_s1_n_s3_best_e2	bbox_from_instance	0.07	0.5520	0.2831	0.7408	71	1000				
2026-08-26 05:39	t1_nano_k025_t024_s2_n_s1_best_e3	bbox_from_instance	0.13	0.5336	0.2832	0.7198	71	1000				
2026-08-26 05:39	t1_nano_k025_t024_s4_n_s1_best_e4	bbox_from_instance	0.07	0.4655	0.1916	0.6773	71	1000				
2026-08-26 05:39	t1_nano_k0_t024_s1_n_s1_best_e2	bbox_from_instance	0.04	0.4966	0.2518	0.6861	71	1000				
2026-08-26 05:39	T1_teacher[pooled 3 seeds]	bbox_from_instance		0.5308			71	1000	canonical[pooled 3 seeds]	0.0472	-0.0130	0.1038
2026-08-26 05:39	interp_control[pooled 2 seeds]	bbox_from_instance		0.5248			71	1000	canonical[pooled 2 seeds]	0.0476	-0.0264	0.1073
2026-08-26 05:39	native_KD[pooled 2 seeds]	bbox_from_instance		0.4903			71	1000	canonical[pooled 2 seeds]	0.0132	-0.0348	0.0649
2026-08-26 05:39	T1_teacher[pooled 2 seeds]	bbox_from_instance		0.5396			71	1000	interp_control[pooled 2 seeds]	0.0148	-0.0362	0.0895
2026-08-26 05:39	canon_bfi_n_s1_best_e18	bbox	0.03	0.5198	0.2954	0.7174	71	1000				
2026-08-26 05:39	canon_bfi_n_s2_best_e8	bbox	0.06	0.5177	0.2108	0.6888	71	1000				
2026-08-26 05:39	canon_bfi_n_s3_best_e22	bbox	0.04	0.4631	0.1885	0.6865	71	1000				
2026-08-26 05:39	interp_gt_s1_n_s2_best_e2	bbox	0.07	0.5552	0.2508	0.7484	71	1000				
2026-08-26 05:39	interp_gt_s1_n_s3_best_e3	bbox	0.04	0.5002	0.2066	0.6881	71	1000				
2026-08-26 05:39	kd_bfi_x_n_s2_best_e21	bbox	0.02	0.5273	0.2332	0.7117	71	1000				
2026-08-26 05:39	kd_bfi_x_n_s3_best_e22	bbox	0.01	0.5150	0.2320	0.6935	71	1000				
2026-08-26 05:39	t1_nano_k025_t024_s1_n_s1_best_e2	bbox	0.04	0.5269	0.2515	0.7071	71	1000				
2026-08-26 05:39	t1_nano_k025_t024_s1_n_s2_best_e2	bbox	0.10	0.5256	0.2292	0.7077	71	1000				
2026-08-26 05:39	t1_nano_k025_t024_s1_n_s3_best_e2	bbox	0.07	0.5438	0.2625	0.7207	71	1000				
2026-08-26 05:39	t1_nano_k025_t024_s2_n_s1_best_e3	bbox	0.14	0.5370	0.2508	0.6990	71	1000				
2026-08-26 05:39	t1_nano_k025_t024_s4_n_s1_best_e4	bbox	0.09	0.4666	0.1655	0.6881	71	1000				
2026-08-26 05:39	t1_nano_k0_t024_s1_n_s1_best_e2	bbox	0.04	0.5119	0.2500	0.7020	71	1000				
2026-08-26 05:39	T1_teacher[pooled 3 seeds]	bbox		0.5321			71	1000	canonical[pooled 3 seeds]	0.0318	-0.0223	0.0792
2026-08-26 05:39	interp_control[pooled 2 seeds]	bbox		0.5274			71	1000	canonical[pooled 2 seeds]	0.0368	-0.0190	0.0818
2026-08-26 05:39	native_KD[pooled 2 seeds]	bbox		0.5210			71	1000	canonical[pooled 2 seeds]	0.0304	-0.0265	0.0977
2026-08-26 05:39	T1_teacher[pooled 2 seeds]	bbox		0.5347			71	1000	interp_control[pooled 2 seeds]	0.0074	-0.0409	0.0733
2026-08-26 06:19	t1s1_ft_canon_bfi_n_s1_best_e1	bbox_from_instance	0.05	0.4451	0.1774	0.6414	71	1000				
2026-08-26 06:19	t1s1_ft_canon_bfi_n_s1_best_e1	bbox	0.05	0.4627	0.1681	0.6691	71	1000				
2026-08-26 08:18	t1_nano_k025_t024_s4_n_s2_best_e10	bbox_from_instance	0.01	0.5159	0.2764	0.6881	71	1000				
2026-08-26 08:18	t1_nano_k025_t024_s4_n_s2_best_e10	bbox	0.01	0.5211	0.2441	0.6968	71	1000				
2026-08-26 08:28	t1_nano_k025_t024_s2_n_s3_best_e2	bbox_from_instance	0.06	0.5414	0.2932	0.7084	71	1000				
2026-08-26 08:28	t1_nano_k025_t024_s2_n_s3_best_e2	bbox	0.11	0.5093	0.2535	0.6932	71	1000				
2026-08-26 09:18	t1_nano_k025_t015_s1_n_s1_best_e3	bbox_from_instance	0.03	0.5256	0.2858	0.6869	71	1000				
2026-08-26 09:18	t1_nano_k025_t015_s1_n_s1_best_e3	bbox	0.03	0.5311	0.2782	0.6997	71	1000				
2026-08-26 10:04	t1_nano_k025_t035_s1_n_s1_best_e2	bbox_from_instance	0.03	0.5351	0.2953	0.6938	71	1000				
2026-08-26 10:04	t1_nano_k025_t035_s1_n_s1_best_e2	bbox	0.03	0.5430	0.2809	0.7102	71	1000				
2026-08-26 10:06	canon_bfi_n_s1_best_e18	bbox_from_instance	0.03	0.4967	0.2605	0.6968	71	1000				
2026-08-26 10:06	canon_bfi_n_s2_best_e8	bbox_from_instance	0.04	0.5008	0.2645	0.6679	71	1000				
2026-08-26 10:06	canon_bfi_n_s3_best_e22	bbox_from_instance	0.04	0.4525	0.1670	0.6736	71	1000				
2026-08-26 10:06	interp_gt_s1_n_s1_best_e2	bbox_from_instance	0.05	0.4713	0.1920	0.6523	71	1000				
2026-08-26 10:06	interp_gt_s1_n_s2_best_e2	bbox_from_instance	0.07	0.5518	0.2926	0.7339	71	1000				
2026-08-26 10:06	interp_gt_s1_n_s3_best_e3	bbox_from_instance	0.03	0.4987	0.2117	0.6842	71	1000				
2026-08-26 10:06	kd_bfi_x_n_s2_best_e21	bbox_from_instance	0.02	0.4889	0.2378	0.6961	71	1000				
2026-08-26 10:06	kd_bfi_x_n_s3_best_e22	bbox_from_instance	0.02	0.4918	0.2412	0.7056	71	1000				
2026-08-26 10:06	t1_nano_k025_t015_s1_n_s1_best_e3	bbox_from_instance	0.03	0.5256	0.2946	0.6862	71	1000				
2026-08-26 10:06	t1_nano_k025_t024_s1_n_s1_best_e2	bbox_from_instance	0.04	0.5130	0.2594	0.7128	71	1000				
2026-08-26 10:06	t1_nano_k025_t024_s1_n_s2_best_e2	bbox_from_instance	0.06	0.5274	0.2716	0.7092	71	1000				
2026-08-26 10:06	t1_nano_k025_t024_s1_n_s3_best_e2	bbox_from_instance	0.07	0.5520	0.2982	0.7272	71	1000				
2026-08-26 10:06	t1_nano_k025_t024_s2_n_s1_best_e3	bbox_from_instance	0.13	0.5336	0.2768	0.7073	71	1000				
2026-08-26 10:07	t1_nano_k025_t024_s2_n_s3_best_e2	bbox_from_instance	0.06	0.5414	0.3135	0.7244	71	1000				
2026-08-26 10:07	t1_nano_k025_t024_s4_n_s1_best_e4	bbox_from_instance	0.07	0.4655	0.1876	0.6898	71	1000				
2026-08-26 10:07	t1_nano_k025_t024_s4_n_s2_best_e10	bbox_from_instance	0.01	0.5159	0.2715	0.7015	71	1000				
2026-08-26 10:07	t1_nano_k025_t035_s1_n_s1_best_e2	bbox_from_instance	0.03	0.5351	0.2713	0.7043	71	1000				
2026-08-26 10:07	t1_nano_k0_t024_s1_n_s1_best_e2	bbox_from_instance	0.04	0.4966	0.2324	0.6962	71	1000				
2026-08-26 10:07	t1s1_ft_canon_bfi_n_s1_best_e1	bbox_from_instance	0.05	0.4451	0.1646	0.6449	71	1000				
2026-08-26 10:07	interp_control[pooled 3 seeds]	bbox_from_instance		0.5069			71	1000	canonical[pooled 3 seeds]	0.0233	-0.0683	0.1009
2026-08-26 10:07	T1_teacher[pooled 3 seeds]	bbox_from_instance		0.5308			71	1000	interp_control[pooled 3 seeds]	0.0239	-0.0194	0.1047
2026-08-26 10:07	interp_gt_s1_n_s1_best_e2	bbox_from_instance	0.05	0.4713			71	1000	canon_bfi_n_s1_best_e18	-0.0255	-0.1502	0.0901
2026-08-26 10:07	t1_nano_k025_t024_s1_n_s1_best_e2	bbox_from_instance	0.04	0.5130			71	1000	interp_gt_s1_n_s1_best_e2	0.0417	-0.0339	0.1506
2026-08-26 10:07	canon_bfi_n_s1_best_e18	bbox	0.03	0.5198	0.2886	0.7120	71	1000				
2026-08-26 10:07	canon_bfi_n_s2_best_e8	bbox	0.06	0.5177	0.2299	0.6927	71	1000				
2026-08-26 10:07	canon_bfi_n_s3_best_e22	bbox	0.04	0.4631	0.1819	0.6972	71	1000				
2026-08-26 10:07	interp_gt_s1_n_s1_best_e2	bbox	0.05	0.4678	0.1719	0.6521	71	1000				
2026-08-26 10:07	interp_gt_s1_n_s2_best_e2	bbox	0.07	0.5552	0.2753	0.7298	71	1000				
2026-08-26 10:07	interp_gt_s1_n_s3_best_e3	bbox	0.04	0.5002	0.2088	0.6937	71	1000				
2026-08-26 10:07	kd_bfi_x_n_s2_best_e21	bbox	0.02	0.5273	0.2533	0.7076	71	1000				
2026-08-26 10:07	kd_bfi_x_n_s3_best_e22	bbox	0.01	0.5150	0.2255	0.7000	71	1000				
2026-08-26 10:07	t1_nano_k025_t015_s1_n_s1_best_e3	bbox	0.03	0.5311	0.2648	0.6956	71	1000				
2026-08-26 10:07	t1_nano_k025_t024_s1_n_s1_best_e2	bbox	0.04	0.5269	0.2728	0.7130	71	1000				
2026-08-26 10:07	t1_nano_k025_t024_s1_n_s2_best_e2	bbox	0.10	0.5256	0.2403	0.7056	71	1000				
2026-08-26 10:07	t1_nano_k025_t024_s1_n_s3_best_e2	bbox	0.07	0.5438	0.2631	0.7150	71	1000				
2026-08-26 10:07	t1_nano_k025_t024_s2_n_s1_best_e3	bbox	0.14	0.5370	0.2472	0.7051	71	1000				
2026-08-26 10:07	t1_nano_k025_t024_s2_n_s3_best_e2	bbox	0.11	0.5093	0.2282	0.6972	71	1000				
2026-08-26 10:07	t1_nano_k025_t024_s4_n_s1_best_e4	bbox	0.09	0.4666	0.1651	0.6842	71	1000				
2026-08-26 10:07	t1_nano_k025_t024_s4_n_s2_best_e10	bbox	0.01	0.5211	0.2475	0.6927	71	1000				
2026-08-26 10:07	t1_nano_k025_t035_s1_n_s1_best_e2	bbox	0.03	0.5430	0.2668	0.7091	71	1000				
2026-08-26 10:07	t1_nano_k0_t024_s1_n_s1_best_e2	bbox	0.04	0.5119	0.2622	0.7101	71	1000				
2026-08-26 10:07	t1s1_ft_canon_bfi_n_s1_best_e1	bbox	0.05	0.4627	0.1689	0.6963	71	1000				
2026-08-26 10:07	interp_control[pooled 3 seeds]	bbox		0.5074			71	1000	canonical[pooled 3 seeds]	0.0071	-0.0651	0.0610
2026-08-26 10:07	T1_teacher[pooled 3 seeds]	bbox		0.5321			71	1000	interp_control[pooled 3 seeds]	0.0247	-0.0136	0.0950
2026-08-26 10:07	interp_gt_s1_n_s1_best_e2	bbox	0.05	0.4678			71	1000	canon_bfi_n_s1_best_e18	-0.0520	-0.1606	0.0307
2026-08-26 10:07	t1_nano_k025_t024_s1_n_s1_best_e2	bbox	0.04	0.5269			71	1000	interp_gt_s1_n_s1_best_e2	0.0590	0.0177	0.1505
2026-08-26 10:13	canon_bfi_n_s2_best_e8	bbox_from_instance	0.04	0.5008	0.2642	0.6695	71	1000				
2026-08-26 10:14	canon_bfi_n_s3_best_e22	bbox_from_instance	0.04	0.4525	0.1836	0.6733	71	1000				
2026-08-26 10:14	interp_gt_s1_n_s2_best_e2	bbox_from_instance	0.07	0.5518	0.2746	0.7325	71	1000				
2026-08-26 10:14	interp_gt_s1_n_s3_best_e3	bbox_from_instance	0.03	0.4987	0.2143	0.6773	71	1000				
2026-08-26 10:14	kd_bfi_x_n_s2_best_e21	bbox_from_instance	0.02	0.4889	0.2267	0.6952	71	1000				
2026-08-26 10:14	kd_bfi_x_n_s3_best_e22	bbox_from_instance	0.02	0.4918	0.2153	0.6868	71	1000				
2026-08-26 10:14	t1_nano_k025_t015_s1_n_s1_best_e3	bbox_from_instance	0.03	0.5256	0.2795	0.7010	71	1000				
2026-08-26 10:14	t1_nano_k025_t024_s1_n_s2_best_e2	bbox_from_instance	0.06	0.5274	0.2812	0.7047	71	1000				
2026-08-26 10:14	t1_nano_k025_t024_s1_n_s3_best_e2	bbox_from_instance	0.07	0.5520	0.2857	0.7262	71	1000				
2026-08-26 10:14	t1_nano_k025_t024_s2_n_s1_best_e3	bbox_from_instance	0.13	0.5336	0.2682	0.7172	71	1000				
2026-08-26 10:14	t1_nano_k025_t024_s2_n_s3_best_e2	bbox_from_instance	0.06	0.5414	0.3007	0.7242	71	1000				
2026-08-26 10:14	t1_nano_k025_t024_s4_n_s1_best_e4	bbox_from_instance	0.07	0.4655	0.1916	0.6773	71	1000				
2026-08-26 10:14	t1_nano_k025_t024_s4_n_s2_best_e10	bbox_from_instance	0.01	0.5159	0.2836	0.6888	71	1000				
2026-08-26 10:14	t1_nano_k025_t035_s1_n_s1_best_e2	bbox_from_instance	0.03	0.5351	0.3085	0.7008	71	1000				
2026-08-26 10:14	t1_nano_k0_t024_s1_n_s1_best_e2	bbox_from_instance	0.04	0.4966	0.2386	0.6996	71	1000				
2026-08-26 10:14	t1s1_ft_canon_bfi_n_s1_best_e1	bbox_from_instance	0.05	0.4451	0.1751	0.6531	71	1000				
2026-08-26 10:14	t1s3_ftlow_canon_bfi_n_s3_best_e5	bbox_from_instance	0.02	0.5218	0.2842	0.6993	71	1000				
2026-08-26 10:14	t1s3_ftlow_canon_bfi_n_s3_best_e5	bbox_from_instance	0.02	0.5218			71	1000	t1_nano_k025_t024_s1_n_s3_best_e2	-0.0302	-0.0829	0.0336
2026-08-26 10:14	t1s3_ftlow_canon_bfi_n_s3_best_e5	bbox_from_instance	0.02	0.5218			71	1000	canon_bfi_n_s3_best_e22	0.0693	-0.0286	0.1824
2026-08-26 10:14	canon_bfi_n_s2_best_e8	bbox	0.06	0.5177	0.2303	0.6890	71	1000				
2026-08-26 10:14	canon_bfi_n_s3_best_e22	bbox	0.04	0.4631	0.1998	0.6808	71	1000				
2026-08-26 10:14	interp_gt_s1_n_s2_best_e2	bbox	0.07	0.5552	0.2568	0.7384	71	1000				
2026-08-26 10:14	interp_gt_s1_n_s3_best_e3	bbox	0.04	0.5002	0.1950	0.6935	71	1000				
2026-08-26 10:14	kd_bfi_x_n_s2_best_e21	bbox	0.02	0.5273	0.2527	0.7229	71	1000				
2026-08-26 10:14	kd_bfi_x_n_s3_best_e22	bbox	0.01	0.5150	0.2278	0.6837	71	1000				
2026-08-26 10:14	t1_nano_k025_t015_s1_n_s1_best_e3	bbox	0.03	0.5311	0.2691	0.6923	71	1000				
2026-08-26 10:14	t1_nano_k025_t024_s1_n_s2_best_e2	bbox	0.10	0.5256	0.2371	0.6992	71	1000				
2026-08-26 10:14	t1_nano_k025_t024_s1_n_s3_best_e2	bbox	0.07	0.5438	0.2668	0.7355	71	1000				
2026-08-26 10:14	t1_nano_k025_t024_s2_n_s1_best_e3	bbox	0.14	0.5370	0.2353	0.7061	71	1000				
2026-08-26 10:14	t1_nano_k025_t024_s2_n_s3_best_e2	bbox	0.11	0.5093	0.2494	0.6980	71	1000				
2026-08-26 10:15	t1_nano_k025_t024_s4_n_s1_best_e4	bbox	0.09	0.4666	0.1883	0.6886	71	1000				
2026-08-26 10:15	t1_nano_k025_t024_s4_n_s2_best_e10	bbox	0.01	0.5211	0.2446	0.6968	71	1000				
2026-08-26 10:15	t1_nano_k025_t035_s1_n_s1_best_e2	bbox	0.03	0.5430	0.2728	0.7102	71	1000				
2026-08-26 10:15	t1_nano_k0_t024_s1_n_s1_best_e2	bbox	0.04	0.5119	0.2506	0.6987	71	1000				
2026-08-26 10:15	t1s1_ft_canon_bfi_n_s1_best_e1	bbox	0.05	0.4627	0.1598	0.6723	71	1000				
2026-08-26 10:15	t1s3_ftlow_canon_bfi_n_s3_best_e5	bbox	0.02	0.5095	0.2913	0.6791	71	1000				
2026-08-26 10:15	t1s3_ftlow_canon_bfi_n_s3_best_e5	bbox	0.02	0.5095			71	1000	t1_nano_k025_t024_s1_n_s3_best_e2	-0.0343	-0.0796	0.0218
2026-08-26 10:15	t1s3_ftlow_canon_bfi_n_s3_best_e5	bbox	0.02	0.5095			71	1000	canon_bfi_n_s3_best_e22	0.0464	-0.0357	0.1451
2026-08-26 10:34	canon_bfi_n_s1_best_e18	bbox_from_instance	0.03	0.4967	0.2605	0.6968	71	1000				
2026-08-26 10:34	canon_bfi_n_s2_best_e8	bbox_from_instance	0.04	0.5008	0.2645	0.6679	71	1000				
2026-08-26 10:34	canon_bfi_n_s3_best_e22	bbox_from_instance	0.04	0.4525	0.1670	0.6736	71	1000				
2026-08-26 10:34	interp_gt_s1_n_s1_best_e2	bbox_from_instance	0.05	0.4713	0.1920	0.6523	71	1000				
2026-08-26 10:34	interp_gt_s1_n_s2_best_e2	bbox_from_instance	0.07	0.5518	0.2926	0.7339	71	1000				
2026-08-26 10:34	interp_gt_s1_n_s3_best_e3	bbox_from_instance	0.03	0.4987	0.2117	0.6842	71	1000				
2026-08-26 10:34	kd_bfi_x_n_s2_best_e21	bbox_from_instance	0.02	0.4889	0.2378	0.6961	71	1000				
2026-08-26 10:34	kd_bfi_x_n_s3_best_e22	bbox_from_instance	0.02	0.4918	0.2412	0.7056	71	1000				
2026-08-26 10:34	t1_nano_k025_t015_s1_n_s1_best_e3	bbox_from_instance	0.03	0.5256	0.2946	0.6862	71	1000				
2026-08-26 10:34	t1_nano_k025_t024_s1_keepempty_n_s1_best_e2	bbox_from_instance	0.02	0.5064	0.2525	0.7016	71	1000				
2026-08-26 10:34	t1_nano_k025_t024_s1_n_s1_best_e2	bbox_from_instance	0.04	0.5130	0.2701	0.7217	71	1000				
2026-08-26 10:34	t1_nano_k025_t024_s1_n_s2_best_e2	bbox_from_instance	0.06	0.5274	0.2722	0.6934	71	1000				
2026-08-26 10:34	t1_nano_k025_t024_s1_n_s3_best_e2	bbox_from_instance	0.07	0.5520	0.2957	0.7244	71	1000				
2026-08-26 10:34	t1_nano_k025_t024_s2_n_s1_best_e3	bbox_from_instance	0.13	0.5336	0.2752	0.7231	71	1000				
2026-08-26 10:34	t1_nano_k025_t024_s2_n_s3_best_e2	bbox_from_instance	0.06	0.5414	0.2976	0.7176	71	1000				
2026-08-26 10:34	t1_nano_k025_t024_s4_n_s1_best_e4	bbox_from_instance	0.07	0.4655	0.1858	0.6786	71	1000				
2026-08-26 10:34	t1_nano_k025_t024_s4_n_s2_best_e10	bbox_from_instance	0.01	0.5159	0.2572	0.6993	71	1000				
2026-08-26 10:34	t1_nano_k025_t035_s1_n_s1_best_e2	bbox_from_instance	0.03	0.5351	0.2861	0.6937	71	1000				
2026-08-26 10:34	t1_nano_k0_t024_s1_n_s1_best_e2	bbox_from_instance	0.04	0.4966	0.2438	0.6915	71	1000				
2026-08-26 10:34	t1s1_ft_canon_bfi_n_s1_best_e1	bbox_from_instance	0.05	0.4451	0.1925	0.6464	71	1000				
2026-08-26 10:34	t1s2_ftlow_canon_bfi_n_s2_best_e5	bbox_from_instance	0.03	0.5134	0.2628	0.6874	71	1000				
2026-08-26 10:34	t1s3_ftlow_canon_bfi_n_s3_best_e5	bbox_from_instance	0.02	0.5218	0.2906	0.6991	71	1000				
2026-08-26 10:34	t1_nano_k025_t024_s1_keepempty_n_s1_best_e2	bbox_from_instance	0.02	0.5064			71	1000	t1_nano_k025_t024_s1_n_s1_best_e2	-0.0066	-0.0910	0.0502
2026-08-26 10:34	t1s2_ftlow_canon_bfi_n_s2_best_e5	bbox_from_instance	0.03	0.5134			71	1000	t1_nano_k025_t024_s1_n_s2_best_e2	-0.0140	-0.0751	0.0462
2026-08-26 10:34	t1s2_ftlow_canon_bfi_n_s2_best_e5	bbox_from_instance	0.03	0.5134			71	1000	canon_bfi_n_s2_best_e8	0.0125	-0.0587	0.0585
2026-08-26 10:34	canon_bfi_n_s1_best_e18	bbox	0.03	0.5198	0.2883	0.7021	71	1000				
2026-08-26 10:34	canon_bfi_n_s2_best_e8	bbox	0.06	0.5177	0.2366	0.6857	71	1000				
2026-08-26 10:34	canon_bfi_n_s3_best_e22	bbox	0.04	0.4631	0.1961	0.6896	71	1000				
2026-08-26 10:35	interp_gt_s1_n_s1_best_e2	bbox	0.05	0.4678	0.1821	0.6749	71	1000				
2026-08-26 10:35	interp_gt_s1_n_s2_best_e2	bbox	0.07	0.5552	0.2546	0.7347	71	1000				
2026-08-26 10:35	interp_gt_s1_n_s3_best_e3	bbox	0.04	0.5002	0.2087	0.6868	71	1000				
2026-08-26 10:35	kd_bfi_x_n_s2_best_e21	bbox	0.02	0.5273	0.2746	0.7102	71	1000				
2026-08-26 10:35	kd_bfi_x_n_s3_best_e22	bbox	0.01	0.5150	0.2402	0.6898	71	1000				
2026-08-26 10:35	t1_nano_k025_t015_s1_n_s1_best_e3	bbox	0.03	0.5311	0.2693	0.6991	71	1000				
2026-08-26 10:35	t1_nano_k025_t024_s1_keepempty_n_s1_best_e2	bbox	0.02	0.5095	0.2474	0.6938	71	1000				
2026-08-26 10:35	t1_nano_k025_t024_s1_n_s1_best_e2	bbox	0.04	0.5269	0.2352	0.7079	71	1000				
2026-08-26 10:35	t1_nano_k025_t024_s1_n_s2_best_e2	bbox	0.10	0.5256	0.2384	0.6990	71	1000				
2026-08-26 10:35	t1_nano_k025_t024_s1_n_s3_best_e2	bbox	0.07	0.5438	0.2602	0.7153	71	1000				
2026-08-26 10:35	t1_nano_k025_t024_s2_n_s1_best_e3	bbox	0.14	0.5370	0.2315	0.7016	71	1000				
2026-08-26 10:35	t1_nano_k025_t024_s2_n_s3_best_e2	bbox	0.11	0.5093	0.2570	0.7136	71	1000				
2026-08-26 10:35	t1_nano_k025_t024_s4_n_s1_best_e4	bbox	0.09	0.4666	0.1617	0.7065	71	1000				
2026-08-26 10:35	t1_nano_k025_t024_s4_n_s2_best_e10	bbox	0.01	0.5211	0.2454	0.7025	71	1000				
2026-08-26 10:35	t1_nano_k025_t035_s1_n_s1_best_e2	bbox	0.03	0.5430	0.2785	0.7150	71	1000				
2026-08-26 10:35	t1_nano_k0_t024_s1_n_s1_best_e2	bbox	0.04	0.5119	0.2572	0.6945	71	1000				
2026-08-26 10:35	t1s1_ft_canon_bfi_n_s1_best_e1	bbox	0.05	0.4627	0.1664	0.6783	71	1000				
2026-08-26 10:35	t1s2_ftlow_canon_bfi_n_s2_best_e5	bbox	0.03	0.5355	0.2479	0.6985	71	1000				
2026-08-26 10:35	t1s3_ftlow_canon_bfi_n_s3_best_e5	bbox	0.02	0.5095	0.2949	0.6809	71	1000				
2026-08-26 10:35	t1_nano_k025_t024_s1_keepempty_n_s1_best_e2	bbox	0.02	0.5095			71	1000	t1_nano_k025_t024_s1_n_s1_best_e2	-0.0173	-0.0948	0.0315
2026-08-26 10:35	t1s2_ftlow_canon_bfi_n_s2_best_e5	bbox	0.03	0.5355			71	1000	t1_nano_k025_t024_s1_n_s2_best_e2	0.0099	-0.0370	0.0514
2026-08-26 10:35	t1s2_ftlow_canon_bfi_n_s2_best_e5	bbox	0.03	0.5355			71	1000	canon_bfi_n_s2_best_e8	0.0178	-0.0318	0.0646
2026-08-26 10:37	canon_bfi_n_s1_best_e18	bbox_from_instance	0.03	0.4967	0.2605	0.6968	71	1000				
2026-08-26 10:37	canon_bfi_n_s2_best_e8	bbox_from_instance	0.04	0.5008	0.2645	0.6679	71	1000				
2026-08-26 10:37	canon_bfi_n_s3_best_e22	bbox_from_instance	0.04	0.4525	0.1670	0.6736	71	1000				
2026-08-26 10:37	interp_gt_s1_n_s1_best_e2	bbox_from_instance	0.05	0.4713	0.1920	0.6523	71	1000				
2026-08-26 10:37	interp_gt_s1_n_s2_best_e2	bbox_from_instance	0.07	0.5518	0.2926	0.7339	71	1000				
2026-08-26 10:37	interp_gt_s1_n_s3_best_e3	bbox_from_instance	0.03	0.4987	0.2117	0.6842	71	1000				
2026-08-26 10:37	kd_bfi_x_n_s2_best_e21	bbox_from_instance	0.02	0.4889	0.2378	0.6961	71	1000				
2026-08-26 10:38	kd_bfi_x_n_s3_best_e22	bbox_from_instance	0.02	0.4918	0.2412	0.7056	71	1000				
2026-08-26 10:38	t1_nano_k025_t015_s1_n_s1_best_e3	bbox_from_instance	0.03	0.5256	0.2946	0.6862	71	1000				
2026-08-26 10:38	t1_nano_k025_t024_s1_keepempty_n_s1_best_e2	bbox_from_instance	0.02	0.5064	0.2525	0.7016	71	1000				
2026-08-26 10:38	t1_nano_k025_t024_s1_n_s1_best_e2	bbox_from_instance	0.04	0.5130	0.2701	0.7217	71	1000				
2026-08-26 10:38	t1_nano_k025_t024_s1_n_s2_best_e2	bbox_from_instance	0.06	0.5274	0.2722	0.6934	71	1000				
2026-08-26 10:38	t1_nano_k025_t024_s1_n_s3_best_e2	bbox_from_instance	0.07	0.5520	0.2957	0.7244	71	1000				
2026-08-26 10:38	t1_nano_k025_t024_s2_n_s1_best_e3	bbox_from_instance	0.13	0.5336	0.2752	0.7231	71	1000				
2026-08-26 10:38	t1_nano_k025_t024_s2_n_s3_best_e2	bbox_from_instance	0.06	0.5414	0.2976	0.7176	71	1000				
2026-08-26 10:38	t1_nano_k025_t024_s4_n_s1_best_e4	bbox_from_instance	0.07	0.4655	0.1858	0.6786	71	1000				
2026-08-26 10:38	t1_nano_k025_t024_s4_n_s2_best_e10	bbox_from_instance	0.01	0.5159	0.2572	0.6993	71	1000				
2026-08-26 10:38	t1_nano_k025_t035_s1_n_s1_best_e2	bbox_from_instance	0.03	0.5351	0.2861	0.6937	71	1000				
2026-08-26 10:38	t1_nano_k0_t024_s1_n_s1_best_e2	bbox_from_instance	0.04	0.4966	0.2438	0.6915	71	1000				
2026-08-26 10:38	t1s1_ft_canon_bfi_n_s1_best_e1	bbox_from_instance	0.05	0.4451	0.1925	0.6464	71	1000				
2026-08-26 10:38	t1s1_ftlow_canon_bfi_n_s1_best_e6	bbox_from_instance	0.01	0.4803	0.2403	0.6721	71	1000				
2026-08-26 10:38	t1s2_ftlow_canon_bfi_n_s2_best_e5	bbox_from_instance	0.03	0.5134	0.2659	0.7099	71	1000				
2026-08-26 10:38	t1s3_ftlow_canon_bfi_n_s3_best_e5	bbox_from_instance	0.02	0.5218	0.2899	0.6839	71	1000				
2026-08-26 10:38	two_stage_lowLR[pooled 3 seeds]	bbox_from_instance		0.5052			71	1000	T1_teacher[pooled 3 seeds]	-0.0256	-0.0735	0.0258
2026-08-26 10:38	t1s1_ftlow_canon_bfi_n_s1_best_e6	bbox_from_instance	0.01	0.4803			71	1000	t1_nano_k025_t024_s1_n_s1_best_e2	-0.0326	-0.0850	0.0132
2026-08-26 10:38	canon_bfi_n_s1_best_e18	bbox	0.03	0.5198	0.2940	0.7087	71	1000				
2026-08-26 10:38	canon_bfi_n_s2_best_e8	bbox	0.06	0.5177	0.2406	0.6862	71	1000				
2026-08-26 10:38	canon_bfi_n_s3_best_e22	bbox	0.04	0.4631	0.1959	0.6928	71	1000				
2026-08-26 10:38	interp_gt_s1_n_s1_best_e2	bbox	0.05	0.4678	0.1743	0.6546	71	1000				
2026-08-26 10:38	interp_gt_s1_n_s2_best_e2	bbox	0.07	0.5552	0.2751	0.7341	71	1000				
2026-08-26 10:38	interp_gt_s1_n_s3_best_e3	bbox	0.04	0.5002	0.2330	0.6917	71	1000				
2026-08-26 10:38	kd_bfi_x_n_s2_best_e21	bbox	0.02	0.5273	0.2582	0.7111	71	1000				
2026-08-26 10:38	kd_bfi_x_n_s3_best_e22	bbox	0.01	0.5150	0.2343	0.6880	71	1000				
2026-08-26 10:38	t1_nano_k025_t015_s1_n_s1_best_e3	bbox	0.03	0.5311	0.2598	0.6979	71	1000				
2026-08-26 10:38	t1_nano_k025_t024_s1_keepempty_n_s1_best_e2	bbox	0.02	0.5095	0.2321	0.6915	71	1000				
2026-08-26 10:38	t1_nano_k025_t024_s1_n_s1_best_e2	bbox	0.04	0.5269	0.2629	0.7201	71	1000				
2026-08-26 10:39	t1_nano_k025_t024_s1_n_s2_best_e2	bbox	0.10	0.5256	0.2297	0.6881	71	1000				
2026-08-26 10:39	t1_nano_k025_t024_s1_n_s3_best_e2	bbox	0.07	0.5438	0.2650	0.7296	71	1000				
2026-08-26 10:39	t1_nano_k025_t024_s2_n_s1_best_e3	bbox	0.14	0.5370	0.2736	0.7165	71	1000				
2026-08-26 10:39	t1_nano_k025_t024_s2_n_s3_best_e2	bbox	0.11	0.5093	0.2486	0.7243	71	1000				
2026-08-26 10:39	t1_nano_k025_t024_s4_n_s1_best_e4	bbox	0.09	0.4666	0.1673	0.6812	71	1000				
2026-08-26 10:39	t1_nano_k025_t024_s4_n_s2_best_e10	bbox	0.01	0.5211	0.2449	0.7055	71	1000				
2026-08-26 10:39	t1_nano_k025_t035_s1_n_s1_best_e2	bbox	0.03	0.5430	0.2697	0.7024	71	1000				
2026-08-26 10:39	t1_nano_k0_t024_s1_n_s1_best_e2	bbox	0.04	0.5119	0.2388	0.7003	71	1000				
2026-08-26 10:39	t1s1_ft_canon_bfi_n_s1_best_e1	bbox	0.05	0.4627	0.1577	0.6649	71	1000				
2026-08-26 10:39	t1s1_ftlow_canon_bfi_n_s1_best_e6	bbox	0.01	0.4944	0.2618	0.6947	71	1000				
2026-08-26 10:39	t1s2_ftlow_canon_bfi_n_s2_best_e5	bbox	0.03	0.5355	0.2583	0.7145	71	1000				
2026-08-26 10:39	t1s3_ftlow_canon_bfi_n_s3_best_e5	bbox	0.02	0.5095	0.2884	0.6793	71	1000				
2026-08-26 10:39	two_stage_lowLR[pooled 3 seeds]	bbox		0.5132			71	1000	T1_teacher[pooled 3 seeds]	-0.0189	-0.0662	0.0271
2026-08-26 10:39	t1s1_ftlow_canon_bfi_n_s1_best_e6	bbox	0.01	0.4944			71	1000	t1_nano_k025_t024_s1_n_s1_best_e2	-0.0324	-0.0872	0.0149
2026-08-26 13:27	t1_nano_k025_t024_s4_n_s3_best_e24	bbox_from_instance	0.03	0.5444	0.2767	0.7252	71	1000				
2026-08-26 13:27	t1_nano_k025_t024_s4_n_s3_best_e24	bbox	0.02	0.5453	0.2797	0.7094	71	1000				
2026-08-26 14:57	canon_bfi_s_s1_best_e1	bbox_from_instance	0.05	0.5550	0.3490	0.7088	71	1000				
2026-08-26 14:58	t1_nano_k025_t024_s2_n_s2_best_e25	bbox_from_instance	0.02	0.4844	0.2250	0.6803	71	1000				
2026-08-26 14:58	canon_bfi_s_s1_best_e1	bbox	0.07	0.5470	0.2860	0.7229	71	1000				
2026-08-26 14:58	t1_nano_k025_t024_s2_n_s2_best_e25	bbox	0.02	0.4955	0.2297	0.6698	71	1000				
2026-08-26 16:18	canon_bfi_n_s1_best_e18	bbox_from_instance	0.03	0.4967	0.2605	0.6968	71	1000				
2026-08-26 16:18	canon_bfi_n_s2_best_e8	bbox_from_instance	0.04	0.5008	0.2645	0.6679	71	1000				
2026-08-26 16:18	canon_bfi_n_s3_best_e22	bbox_from_instance	0.04	0.4525	0.1670	0.6736	71	1000				
2026-08-26 16:18	canon_bfi_s_s1_best_e1	bbox_from_instance	0.05	0.5550	0.3493	0.7034	71	1000				
2026-08-26 16:18	interp_gt_s1_n_s1_best_e2	bbox_from_instance	0.05	0.4713	0.2037	0.6583	71	1000				
2026-08-26 16:18	interp_gt_s1_n_s2_best_e2	bbox_from_instance	0.07	0.5518	0.2784	0.7379	71	1000				
2026-08-26 16:18	interp_gt_s1_n_s3_best_e3	bbox_from_instance	0.03	0.4987	0.2057	0.6926	71	1000				
2026-08-26 16:18	kd_bfi_x_n_s1_best_e17	bbox_from_instance	0.02	0.4609	0.2174	0.6837	71	1000				
2026-08-26 16:18	kd_bfi_x_n_s2_best_e21	bbox_from_instance	0.02	0.4889	0.2266	0.7020	71	1000				
2026-08-26 16:18	kd_bfi_x_n_s3_best_e22	bbox_from_instance	0.02	0.4918	0.2236	0.6973	71	1000				
2026-08-26 16:18	t1_nano_k025_t015_s1_n_s1_best_e3	bbox_from_instance	0.03	0.5256	0.2951	0.7035	71	1000				
2026-08-26 16:18	t1_nano_k025_t024_s1_keepempty_n_s1_best_e2	bbox_from_instance	0.02	0.5064	0.2580	0.6913	71	1000				
2026-08-26 16:18	t1_nano_k025_t024_s1_n_s1_best_e2	bbox_from_instance	0.04	0.5130	0.2714	0.6979	71	1000				
2026-08-26 16:18	t1_nano_k025_t024_s1_n_s2_best_e2	bbox_from_instance	0.06	0.5274	0.2757	0.7076	71	1000				
2026-08-26 16:18	t1_nano_k025_t024_s1_n_s3_best_e2	bbox_from_instance	0.07	0.5520	0.2721	0.7336	71	1000				
2026-08-26 16:18	t1_nano_k025_t024_s2_n_s1_best_e3	bbox_from_instance	0.13	0.5336	0.2662	0.7187	71	1000				
2026-08-26 16:18	t1_nano_k025_t024_s2_n_s2_best_e25	bbox_from_instance	0.02	0.4844	0.2041	0.6931	71	1000				
2026-08-26 16:18	t1_nano_k025_t024_s2_n_s3_best_e2	bbox_from_instance	0.06	0.5414	0.3021	0.7134	71	1000				
2026-08-26 16:18	t1_nano_k025_t024_s4_n_s1_best_e4	bbox_from_instance	0.07	0.4655	0.1862	0.6805	71	1000				
2026-08-26 16:19	t1_nano_k025_t024_s4_n_s2_best_e10	bbox_from_instance	0.01	0.5159	0.2754	0.6993	71	1000				
2026-08-26 16:19	t1_nano_k025_t024_s4_n_s3_best_e24	bbox_from_instance	0.03	0.5444	0.2674	0.7185	71	1000				
2026-08-26 16:19	t1_nano_k025_t035_s1_n_s1_best_e2	bbox_from_instance	0.03	0.5351	0.2887	0.7044	71	1000				
2026-08-26 16:19	t1_nano_k0_t024_s1_n_s1_best_e2	bbox_from_instance	0.04	0.4966	0.2334	0.6933	71	1000				
2026-08-26 16:19	t1s1_ft_canon_bfi_n_s1_best_e1	bbox_from_instance	0.05	0.4451	0.1820	0.6432	71	1000				
2026-08-26 16:19	t1s1_ftlow_canon_bfi_n_s1_best_e6	bbox_from_instance	0.01	0.4803	0.2522	0.6954	71	1000				
2026-08-26 16:19	t1s2_ftlow_canon_bfi_n_s2_best_e5	bbox_from_instance	0.03	0.5134	0.2643	0.7043	71	1000				
2026-08-26 16:19	t1s3_ftlow_canon_bfi_n_s3_best_e5	bbox_from_instance	0.02	0.5218	0.2837	0.6941	71	1000				
2026-08-26 16:19	native_KD[pooled 3 seeds]	bbox_from_instance		0.4806			71	1000	canonical[pooled 3 seeds]	-0.0030	-0.0400	0.0342
2026-08-26 16:19	kd_bfi_x_n_s1_best_e17	bbox_from_instance	0.02	0.4609			71	1000	canon_bfi_n_s1_best_e18	-0.0359	-0.0835	0.0055
2026-08-26 16:19	canon_bfi_n_s1_best_e18	bbox	0.03	0.5198	0.2760	0.7130	71	1000				
2026-08-26 16:19	canon_bfi_n_s2_best_e8	bbox	0.06	0.5177	0.2507	0.6922	71	1000				
2026-08-26 16:19	canon_bfi_n_s3_best_e22	bbox	0.04	0.4631	0.2012	0.6886	71	1000				
2026-08-26 16:19	canon_bfi_s_s1_best_e1	bbox	0.07	0.5470	0.3062	0.7177	71	1000				
2026-08-26 16:19	interp_gt_s1_n_s1_best_e2	bbox	0.05	0.4678	0.1816	0.6643	71	1000				
2026-08-26 16:19	interp_gt_s1_n_s2_best_e2	bbox	0.07	0.5552	0.2408	0.7377	71	1000				
2026-08-26 16:19	interp_gt_s1_n_s3_best_e3	bbox	0.04	0.5002	0.2007	0.6881	71	1000				
2026-08-26 16:19	kd_bfi_x_n_s1_best_e17	bbox	0.02	0.4694	0.2021	0.6563	71	1000				
2026-08-26 16:19	kd_bfi_x_n_s2_best_e21	bbox	0.02	0.5273	0.2398	0.7149	71	1000				
2026-08-26 16:19	kd_bfi_x_n_s3_best_e22	bbox	0.01	0.5150	0.2552	0.7005	71	1000				
2026-08-26 16:19	t1_nano_k025_t015_s1_n_s1_best_e3	bbox	0.03	0.5311	0.2690	0.7141	71	1000				
2026-08-26 16:19	t1_nano_k025_t024_s1_keepempty_n_s1_best_e2	bbox	0.02	0.5095	0.2446	0.6980	71	1000				
2026-08-26 16:19	t1_nano_k025_t024_s1_n_s1_best_e2	bbox	0.04	0.5269	0.2476	0.7175	71	1000				
2026-08-26 16:19	t1_nano_k025_t024_s1_n_s2_best_e2	bbox	0.10	0.5256	0.2346	0.6996	71	1000				
2026-08-26 16:19	t1_nano_k025_t024_s1_n_s3_best_e2	bbox	0.07	0.5438	0.2542	0.7277	71	1000				
2026-08-26 16:19	t1_nano_k025_t024_s2_n_s1_best_e3	bbox	0.14	0.5370	0.2306	0.6921	71	1000				
2026-08-26 16:19	t1_nano_k025_t024_s2_n_s2_best_e25	bbox	0.02	0.4955	0.2448	0.6786	71	1000				
2026-08-26 16:19	t1_nano_k025_t024_s2_n_s3_best_e2	bbox	0.11	0.5093	0.2467	0.7001	71	1000				
2026-08-26 16:19	t1_nano_k025_t024_s4_n_s1_best_e4	bbox	0.09	0.4666	0.1627	0.6913	71	1000				
2026-08-26 16:20	t1_nano_k025_t024_s4_n_s2_best_e10	bbox	0.01	0.5211	0.2402	0.7044	71	1000				
2026-08-26 16:20	t1_nano_k025_t024_s4_n_s3_best_e24	bbox	0.02	0.5453	0.2876	0.7232	71	1000				
2026-08-26 16:20	t1_nano_k025_t035_s1_n_s1_best_e2	bbox	0.03	0.5430	0.2779	0.7054	71	1000				
2026-08-26 16:20	t1_nano_k0_t024_s1_n_s1_best_e2	bbox	0.04	0.5119	0.2458	0.6961	71	1000				
2026-08-26 16:20	t1s1_ft_canon_bfi_n_s1_best_e1	bbox	0.05	0.4627	0.1738	0.6809	71	1000				
2026-08-26 16:20	t1s1_ftlow_canon_bfi_n_s1_best_e6	bbox	0.01	0.4944	0.2721	0.6882	71	1000				
2026-08-26 16:20	t1s2_ftlow_canon_bfi_n_s2_best_e5	bbox	0.03	0.5355	0.2672	0.7222	71	1000				
2026-08-26 16:20	t1s3_ftlow_canon_bfi_n_s3_best_e5	bbox	0.02	0.5095	0.2809	0.6718	71	1000				
2026-08-26 16:20	native_KD[pooled 3 seeds]	bbox		0.5042			71	1000	canonical[pooled 3 seeds]	0.0039	-0.0358	0.0517
2026-08-26 16:20	kd_bfi_x_n_s1_best_e17	bbox	0.02	0.4694			71	1000	canon_bfi_n_s1_best_e18	-0.0504	-0.0921	-0.0152
2026-08-26 16:49	canon_bfi_n_s1_best_e18	bbox_from_instance	0.03	0.4967	0.2605	0.6968	71	1000				
2026-08-26 16:49	canon_bfi_n_s1_best_e18_img384	bbox_from_instance	0.02	0.4900	0.2856	0.6581	71	1000				
2026-08-26 16:49	canon_bfi_n_s1_best_e18_img512	bbox_from_instance	0.03	0.4827	0.2537	0.6829	71	1000				
2026-08-26 16:49	kd_t1_n_s1_best_e3	bbox_from_instance	0.03	0.4945	0.2491	0.6428	71	1000				
2026-08-26 16:49	t1_nano_k025_t024_s1_n_s1_best_e2	bbox_from_instance	0.04	0.5130	0.2649	0.7091	71	1000				
2026-08-26 16:49	kd_t1_n_s1_best_e3	bbox_from_instance	0.03	0.4945			71	1000	t1_nano_k025_t024_s1_n_s1_best_e2	-0.0185	-0.1179	0.0611
2026-08-26 16:49	kd_t1_n_s1_best_e3	bbox_from_instance	0.03	0.4945			71	1000	canon_bfi_n_s1_best_e18	-0.0022	-0.1194	0.1224
2026-08-26 16:49	canon_bfi_n_s1_best_e18	bbox	0.03	0.5198	0.2836	0.7158	71	1000				
2026-08-26 16:49	canon_bfi_n_s1_best_e18_img384	bbox	0.02	0.5272	0.2814	0.6916	71	1000				
2026-08-26 16:49	canon_bfi_n_s1_best_e18_img512	bbox	0.03	0.5099	0.2846	0.7260	71	1000				
2026-08-26 16:49	kd_t1_n_s1_best_e3	bbox	0.03	0.5047	0.2441	0.6589	71	1000				
2026-08-26 16:50	t1_nano_k025_t024_s1_n_s1_best_e2	bbox	0.04	0.5269	0.2574	0.7206	71	1000				
2026-08-26 16:50	kd_t1_n_s1_best_e3	bbox	0.03	0.5047			71	1000	t1_nano_k025_t024_s1_n_s1_best_e2	-0.0221	-0.1092	0.0410
2026-08-26 16:50	kd_t1_n_s1_best_e3	bbox	0.03	0.5047			71	1000	canon_bfi_n_s1_best_e18	-0.0151	-0.1227	0.0948
2026-08-26 17:19	t1_nano_k025_t024_s1_n_s1_best_e2	bbox_from_instance	0.04	0.5130	0.2634	0.7033	71	1000				
2026-08-26 17:19	t1_nano_k025_t024_s1_n_s1_best_e2_img384	bbox_from_instance	0.04	0.4976	0.2568	0.6668	71	1000				
2026-08-26 17:19	t1_nano_k025_t024_s1_n_s1_best_e2_img512	bbox_from_instance	0.05	0.4945	0.2245	0.6868	71	1000				
2026-08-26 17:19	t1_nano_k025_t024_s1_noneg_n_s1_best_e4	bbox_from_instance	0.04	0.4994	0.2382	0.6819	71	1000				
2026-08-26 17:19	t1_nano_k025_t024_s1_noneg_n_s1_best_e4	bbox_from_instance	0.04	0.4994			71	1000	t1_nano_k025_t024_s1_n_s1_best_e2	-0.0136	-0.0453	0.0089
2026-08-26 17:19	t1_nano_k025_t024_s1_n_s1_best_e2	bbox	0.04	0.5269	0.2635	0.7121	71	1000				
2026-08-26 17:19	t1_nano_k025_t024_s1_n_s1_best_e2_img384	bbox	0.04	0.5045	0.2411	0.6828	71	1000				
2026-08-26 17:19	t1_nano_k025_t024_s1_n_s1_best_e2_img512	bbox	0.05	0.4905	0.2043	0.7060	71	1000				
2026-08-26 17:20	t1_nano_k025_t024_s1_noneg_n_s1_best_e4	bbox	0.04	0.5213	0.2562	0.7070	71	1000				
2026-08-26 17:20	t1_nano_k025_t024_s1_noneg_n_s1_best_e4	bbox	0.04	0.5213			71	1000	t1_nano_k025_t024_s1_n_s1_best_e2	-0.0056	-0.0337	0.0176
2026-08-26 19:31	canon_bfi_s_s1_best_e1	bbox_from_instance	0.05	0.5550	0.3490	0.7088	71	1000				
2026-08-26 19:31	t1_nano_k025_t024_s1_s_s1_best_e1	bbox_from_instance	0.09	0.5670	0.3709	0.7159	71	1000				
2026-08-26 19:31	t1_nano_k025_t024_s1_s_s1_best_e1	bbox_from_instance	0.09	0.5670			71	1000	canon_bfi_s_s1_best_e1	0.0121	-0.0503	0.0760
2026-08-26 19:31	canon_bfi_s_s1_best_e1	bbox	0.07	0.5470	0.2860	0.7229	71	1000				
2026-08-26 19:31	t1_nano_k025_t024_s1_s_s1_best_e1	bbox	0.09	0.5825	0.3780	0.7238	71	1000				
2026-08-26 19:31	t1_nano_k025_t024_s1_s_s1_best_e1	bbox	0.09	0.5825			71	1000	canon_bfi_s_s1_best_e1	0.0355	-0.0241	0.1026
2026-08-26 20:01	t1_nano_k025_t024_s1_n_s1_best_e2	bbox_from_instance	0.04	0.5130	0.2634	0.7033	71	1000				
2026-08-26 20:01	t1_nano_k025_t024_s1_n_s1_best_e2_img384	bbox_from_instance	0.04	0.4976	0.2568	0.6668	71	1000				
2026-08-26 20:01	t1_nano_k025_t024_s1_n_s1_best_e2_img512	bbox_from_instance	0.05	0.4945	0.2245	0.6868	71	1000				
2026-08-26 20:01	t1_nanoadd_k025_t024_s1_n_s1_best_e24	bbox_from_instance	0.04	0.5402	0.2826	0.7109	71	1000				
2026-08-26 20:01	t1_nanoadd_k025_t024_s1_n_s1_best_e24	bbox_from_instance	0.04	0.5402			71	1000	t1_nano_k025_t024_s1_n_s1_best_e2	0.0273	-0.0487	0.1128
2026-08-26 20:01	t1_nano_k025_t024_s1_n_s1_best_e2	bbox	0.04	0.5269	0.2635	0.7121	71	1000				
2026-08-26 20:01	t1_nano_k025_t024_s1_n_s1_best_e2_img384	bbox	0.04	0.5045	0.2411	0.6828	71	1000				
2026-08-26 20:01	t1_nano_k025_t024_s1_n_s1_best_e2_img512	bbox	0.05	0.4905	0.2043	0.7060	71	1000				
2026-08-26 20:01	t1_nanoadd_k025_t024_s1_n_s1_best_e24	bbox	0.04	0.5406	0.2717	0.7310	71	1000				
2026-08-26 20:01	t1_nanoadd_k025_t024_s1_n_s1_best_e24	bbox	0.04	0.5406			71	1000	t1_nano_k025_t024_s1_n_s1_best_e2	0.0137	-0.0426	0.0659
2026-08-26 20:21	canon_bfi_s_s2_best_e25	bbox_from_instance	0.01	0.4530	0.2086	0.6643	71	1000				
2026-08-26 20:21	canon_bfi_s_s2_best_e25	bbox	0.02	0.4821	0.2191	0.6808	71	1000				
2026-08-26 21:51	kd_t1_n_s2_best_e3	bbox_from_instance	0.04	0.5051	0.2289	0.6857	71	1000				
2026-08-26 21:51	t1_nano_k025_t024_s1_n_s2_best_e2	bbox_from_instance	0.06	0.5274	0.2666	0.6950	71	1000				
2026-08-26 21:51	kd_t1_n_s2_best_e3	bbox_from_instance	0.04	0.5051			71	1000	t1_nano_k025_t024_s1_n_s2_best_e2	-0.0223	-0.1045	0.0252
2026-08-26 21:51	kd_t1_n_s2_best_e3	bbox	0.04	0.5241	0.2262	0.7085	71	1000				
2026-08-26 21:51	t1_nano_k025_t024_s1_n_s2_best_e2	bbox	0.10	0.5256	0.2308	0.6933	71	1000				
2026-08-26 21:51	kd_t1_n_s2_best_e3	bbox	0.04	0.5241			71	1000	t1_nano_k025_t024_s1_n_s2_best_e2	-0.0015	-0.0650	0.0389
2026-08-26 22:01	interp_gt_s1_n_s2_best_e2	bbox_from_instance	0.07	0.5518	0.2679	0.7295	71	1000				
2026-08-26 22:01	kd_interp_n_s2_best_e2	bbox_from_instance	0.04	0.5005	0.2263	0.6811	71	1000				
2026-08-26 22:01	kd_interp_n_s2_best_e2	bbox_from_instance	0.04	0.5005			71	1000	interp_gt_s1_n_s2_best_e2	-0.0514	-0.0917	-0.0218
2026-08-26 22:01	interp_gt_s1_n_s2_best_e2	bbox	0.07	0.5552	0.2727	0.7358	71	1000				
2026-08-26 22:01	kd_interp_n_s2_best_e2	bbox	0.05	0.4985	0.1998	0.6781	71	1000				
2026-08-26 22:01	kd_interp_n_s2_best_e2	bbox	0.05	0.4985			71	1000	interp_gt_s1_n_s2_best_e2	-0.0566	-0.0996	-0.0291
2026-08-26 22:31	canon_bfi_s_s2_best_e25	bbox_from_instance	0.01	0.4530	0.2086	0.6643	71	1000				
2026-08-26 22:31	t1_nano_k025_t024_s1_n_s2_best_e2	bbox_from_instance	0.06	0.5274	0.2666	0.6950	71	1000				
2026-08-26 22:31	t1_nano_k025_t024_s1_noneg_n_s2_best_e3	bbox_from_instance	0.05	0.4671	0.2005	0.6644	71	1000				
2026-08-26 22:31	t1_nano_k025_t024_s1_s_s2_best_e1	bbox_from_instance	0.09	0.5371	0.3295	0.6800	71	1000				
2026-08-26 22:31	t1_nano_k025_t024_s1_s_s2_best_e1	bbox_from_instance	0.09	0.5371			71	1000	canon_bfi_s_s2_best_e25	0.0841	-0.0131	0.1865
2026-08-26 22:31	t1_nano_k025_t024_s1_noneg_n_s2_best_e3	bbox_from_instance	0.05	0.4671			71	1000	t1_nano_k025_t024_s1_n_s2_best_e2	-0.0603	-0.1482	0.0071
2026-08-26 22:31	canon_bfi_s_s2_best_e25	bbox	0.02	0.4821	0.2308	0.6918	71	1000				
2026-08-26 22:31	t1_nano_k025_t024_s1_n_s2_best_e2	bbox	0.10	0.5256	0.2194	0.7014	71	1000				
2026-08-26 22:31	t1_nano_k025_t024_s1_noneg_n_s2_best_e3	bbox	0.05	0.4848	0.1864	0.6698	71	1000				
2026-08-26 22:31	t1_nano_k025_t024_s1_s_s2_best_e1	bbox	0.11	0.5475	0.3304	0.7119	71	1000				
2026-08-26 22:32	t1_nano_k025_t024_s1_s_s2_best_e1	bbox	0.11	0.5475			71	1000	canon_bfi_s_s2_best_e25	0.0654	-0.0117	0.1551
2026-08-26 22:32	t1_nano_k025_t024_s1_noneg_n_s2_best_e3	bbox	0.05	0.4848			71	1000	t1_nano_k025_t024_s1_n_s2_best_e2	-0.0408	-0.0920	-0.0042
2026-08-26 23:14	kd_t1_n_s1_best_e3	bbox_from_instance	0.03	0.4945	0.2390	0.6496	71	1000				
2026-08-26 23:14	kd_t1_n_s2_best_e3	bbox_from_instance	0.04	0.5051	0.2362	0.6889	71	1000				
2026-08-26 23:14	kd_t1_n_s3_best_e2	bbox_from_instance	0.03	0.5351	0.2967	0.6911	71	1000				
2026-08-26 23:14	t1_nano_k025_t024_s1_n_s1_best_e2	bbox_from_instance	0.04	0.5130	0.2651	0.6989	71	1000				
2026-08-26 23:14	t1_nano_k025_t024_s1_n_s1_best_e2_img384	bbox_from_instance	0.04	0.4976	0.2617	0.6686	71	1000				
2026-08-26 23:14	t1_nano_k025_t024_s1_n_s1_best_e2_img512	bbox_from_instance	0.05	0.4945	0.2237	0.7073	71	1000				
2026-08-26 23:14	t1_nano_k025_t024_s1_n_s2_best_e2	bbox_from_instance	0.06	0.5274	0.2474	0.7036	71	1000				
2026-08-26 23:14	t1_nano_k025_t024_s1_n_s2_best_e2_img384	bbox_from_instance	0.08	0.5276	0.2869	0.7155	71	1000				
2026-08-26 23:14	t1_nano_k025_t024_s1_n_s2_best_e2_img512	bbox_from_instance	0.08	0.5307	0.2492	0.7143	71	1000				
2026-08-26 23:14	t1_nano_k025_t024_s1_n_s3_best_e2	bbox_from_instance	0.07	0.5520	0.2831	0.7408	71	1000				
2026-08-26 23:14	t1_nano_k025_t024_s1_n_s3_best_e2_img384	bbox_from_instance	0.05	0.5545	0.3126	0.7384	71	1000				
2026-08-26 23:14	t1_nano_k025_t024_s1_n_s3_best_e2_img512	bbox_from_instance	0.05	0.5465	0.2896	0.7220	71	1000				
2026-08-26 23:14	dense_plus_KD[pooled 3 seeds]	bbox_from_instance		0.5116			71	1000	T1_teacher[pooled 3 seeds]	-0.0192	-0.0894	0.0293
2026-08-26 23:14	kd_t1_n_s3_best_e2	bbox_from_instance	0.03	0.5351			71	1000	t1_nano_k025_t024_s1_n_s3_best_e2	-0.0169	-0.0638	0.0330
2026-08-26 23:14	kd_t1_n_s1_best_e3	bbox	0.03	0.5047	0.2473	0.6441	71	1000				
2026-08-26 23:14	kd_t1_n_s2_best_e3	bbox	0.04	0.5241	0.2363	0.7144	71	1000				
2026-08-26 23:14	kd_t1_n_s3_best_e2	bbox	0.03	0.5397	0.2608	0.7040	71	1000				
2026-08-26 23:14	t1_nano_k025_t024_s1_n_s1_best_e2	bbox	0.04	0.5269	0.2565	0.7171	71	1000				
2026-08-26 23:14	t1_nano_k025_t024_s1_n_s1_best_e2_img384	bbox	0.04	0.5045	0.2287	0.6782	71	1000				
2026-08-26 23:14	t1_nano_k025_t024_s1_n_s1_best_e2_img512	bbox	0.05	0.4905	0.2118	0.6973	71	1000				
2026-08-26 23:14	t1_nano_k025_t024_s1_n_s2_best_e2	bbox	0.10	0.5256	0.2238	0.6961	71	1000				
2026-08-26 23:14	t1_nano_k025_t024_s1_n_s2_best_e2_img384	bbox	0.06	0.5339	0.2430	0.7058	71	1000				
2026-08-26 23:14	t1_nano_k025_t024_s1_n_s2_best_e2_img512	bbox	0.08	0.5351	0.2329	0.7270	71	1000				
2026-08-26 23:14	t1_nano_k025_t024_s1_n_s3_best_e2	bbox	0.07	0.5438	0.2695	0.7374	71	1000				
2026-08-26 23:14	t1_nano_k025_t024_s1_n_s3_best_e2_img384	bbox	0.05	0.5504	0.2762	0.7204	71	1000				
2026-08-26 23:14	t1_nano_k025_t024_s1_n_s3_best_e2_img512	bbox	0.03	0.5485	0.2850	0.7139	71	1000				
2026-08-26 23:14	dense_plus_KD[pooled 3 seeds]	bbox		0.5228			71	1000	T1_teacher[pooled 3 seeds]	-0.0093	-0.0713	0.0364
2026-08-26 23:14	kd_t1_n_s3_best_e2	bbox	0.03	0.5397			71	1000	t1_nano_k025_t024_s1_n_s3_best_e2	-0.0040	-0.0496	0.0511
2026-08-26 23:53	interp_gt_s1_n_s3_best_e3	bbox_from_instance	0.03	0.4987	0.2137	0.6778	71	1000				
2026-08-26 23:53	kd_interp_n_s3_best_e3	bbox_from_instance	0.03	0.5015	0.2480	0.6725	71	1000				
2026-08-26 23:53	kd_interp_n_s3_best_e3	bbox_from_instance	0.03	0.5015			71	1000	interp_gt_s1_n_s3_best_e3	0.0028	-0.0305	0.0653
2026-08-26 23:53	interp_gt_s1_n_s3_best_e3	bbox	0.04	0.5002	0.2022	0.6875	71	1000				
2026-08-26 23:53	kd_interp_n_s3_best_e3	bbox	0.04	0.5214	0.2229	0.6894	71	1000				
2026-08-26 23:53	kd_interp_n_s3_best_e3	bbox	0.04	0.5214			71	1000	interp_gt_s1_n_s3_best_e3	0.0212	-0.0249	0.0757
2026-08-27 00:49	canon_bfi_s_s3_best_e17	bbox_from_instance	0.03	0.4301	0.1412	0.6553	71	1000				
2026-08-27 00:49	canon_bfi_s_s3_best_e17	bbox	0.03	0.4663	0.1787	0.6692	71	1000				
2026-08-27 01:03	t1_nano_k025_t024_s1_n_s2_best_e2	bbox_from_instance	0.06	0.5274	0.2612	0.6914	71	1000				
2026-08-27 01:03	t1_nano_k0_t024_s1_n_s2_best_e2	bbox_from_instance	0.03	0.4912	0.2475	0.6509	71	1000				
2026-08-27 01:03	t1_nano_k0_t024_s1_n_s2_best_e2	bbox_from_instance	0.03	0.4912			71	1000	t1_nano_k025_t024_s1_n_s2_best_e2	-0.0362	-0.0782	0.0102
2026-08-27 01:03	t1_nano_k025_t024_s1_n_s2_best_e2	bbox	0.10	0.5256	0.2440	0.7001	71	1000				
2026-08-27 01:03	t1_nano_k0_t024_s1_n_s2_best_e2	bbox	0.03	0.4954	0.2319	0.6416	71	1000				
2026-08-27 01:03	t1_nano_k0_t024_s1_n_s2_best_e2	bbox	0.03	0.4954			71	1000	t1_nano_k025_t024_s1_n_s2_best_e2	-0.0302	-0.0588	0.0058
2026-08-27 03:35	t1_nano_k025_t024_s1_n_s1_best_e2	bbox_from_instance	0.04	0.5130	0.2634	0.7033	71	1000				
2026-08-27 03:35	t1_nano_k025_t024_s1_n_s1_best_e2_img384	bbox_from_instance	0.04	0.4976	0.2568	0.6668	71	1000				
2026-08-27 03:35	t1_nano_k025_t024_s1_n_s1_best_e2_img512	bbox_from_instance	0.05	0.4945	0.2245	0.6868	71	1000				
2026-08-27 03:35	t1_nano_k025_t024_s1_n_s2_best_e2	bbox_from_instance	0.06	0.5274	0.2678	0.6896	71	1000				
2026-08-27 03:35	t1_nano_k025_t024_s1_n_s2_best_e2_img384	bbox_from_instance	0.08	0.5276	0.2721	0.7027	71	1000				
2026-08-27 03:35	t1_nano_k025_t024_s1_n_s2_best_e2_img512	bbox_from_instance	0.08	0.5307	0.2324	0.7314	71	1000				
2026-08-27 03:35	t1_nano_k025_t024_s1_n_s3_best_e2	bbox_from_instance	0.07	0.5520	0.2664	0.7398	71	1000				
2026-08-27 03:35	t1_nano_k025_t024_s1_n_s3_best_e2_img384	bbox_from_instance	0.05	0.5545	0.3114	0.7374	71	1000				
2026-08-27 03:35	t1_nano_k025_t024_s1_n_s3_best_e2_img512	bbox_from_instance	0.05	0.5465	0.2893	0.7180	71	1000				
2026-08-27 03:35	t1_nano_k025_t024_s1_noneg_n_s1_best_e4	bbox_from_instance	0.04	0.4994	0.2471	0.7003	71	1000				
2026-08-27 03:35	t1_nano_k025_t024_s1_noneg_n_s2_best_e3	bbox_from_instance	0.05	0.4671	0.1997	0.6815	71	1000				
2026-08-27 03:35	t1_nano_k025_t024_s1_noneg_n_s3_best_e3	bbox_from_instance	0.05	0.5380	0.2920	0.6959	71	1000				
2026-08-27 03:35	T1_teacher[pooled 3 seeds]	bbox_from_instance		0.5308			71	1000	no_negatives[pooled 3 seeds]	0.0289	0.0011	0.0694
2026-08-27 03:35	t1_nano_k025_t024_s1_noneg_n_s3_best_e3	bbox_from_instance	0.05	0.5380			71	1000	t1_nano_k025_t024_s1_n_s3_best_e2	-0.0140	-0.0649	0.0424
2026-08-27 03:35	t1_nano_k025_t024_s1_n_s1_best_e2	bbox	0.04	0.5269	0.2726	0.7027	71	1000				
2026-08-27 03:35	t1_nano_k025_t024_s1_n_s1_best_e2_img384	bbox	0.04	0.5045	0.2538	0.6840	71	1000				
2026-08-27 03:35	t1_nano_k025_t024_s1_n_s1_best_e2_img512	bbox	0.05	0.4905	0.2128	0.6933	71	1000				
2026-08-27 03:35	t1_nano_k025_t024_s1_n_s2_best_e2	bbox	0.10	0.5256	0.2273	0.6954	71	1000				
2026-08-27 03:36	t1_nano_k025_t024_s1_n_s2_best_e2_img384	bbox	0.06	0.5339	0.2336	0.7138	71	1000				
2026-08-27 03:36	t1_nano_k025_t024_s1_n_s2_best_e2_img512	bbox	0.08	0.5351	0.2268	0.7244	71	1000				
2026-08-27 03:36	t1_nano_k025_t024_s1_n_s3_best_e2	bbox	0.07	0.5438	0.2645	0.7159	71	1000				
2026-08-27 03:36	t1_nano_k025_t024_s1_n_s3_best_e2_img384	bbox	0.05	0.5504	0.2681	0.7231	71	1000				
2026-08-27 03:36	t1_nano_k025_t024_s1_n_s3_best_e2_img512	bbox	0.03	0.5485	0.2814	0.7202	71	1000				
2026-08-27 03:36	t1_nano_k025_t024_s1_noneg_n_s1_best_e4	bbox	0.04	0.5213	0.2236	0.7148	71	1000				
2026-08-27 03:36	t1_nano_k025_t024_s1_noneg_n_s2_best_e3	bbox	0.05	0.4848	0.1871	0.6624	71	1000				
2026-08-27 03:36	t1_nano_k025_t024_s1_noneg_n_s3_best_e3	bbox	0.05	0.5480	0.2767	0.7064	71	1000				
2026-08-27 03:36	T1_teacher[pooled 3 seeds]	bbox		0.5321			71	1000	no_negatives[pooled 3 seeds]	0.0138	-0.0172	0.0497
2026-08-27 03:36	t1_nano_k025_t024_s1_noneg_n_s3_best_e3	bbox	0.05	0.5480			71	1000	t1_nano_k025_t024_s1_n_s3_best_e2	0.0042	-0.0602	0.0745
2026-08-27 07:03	canon_bfi_s_s1_best_e1	bbox_from_instance	0.05	0.5550	0.3490	0.7088	71	1000				
2026-08-27 07:03	canon_bfi_s_s1_best_e1_img384	bbox_from_instance	0.05	0.5229	0.3457	0.6418	71	1000				
2026-08-27 07:03	canon_bfi_s_s1_best_e1_img512	bbox_from_instance	0.05	0.5452	0.3210	0.6945	71	1000				
2026-08-27 07:03	canon_bfi_s_s2_best_e25	bbox_from_instance	0.01	0.4530	0.2131	0.6634	71	1000				
2026-08-27 07:03	canon_bfi_s_s3_best_e17	bbox_from_instance	0.03	0.4301	0.1435	0.6662	71	1000				
2026-08-27 07:03	t1_nano_k025_t024_s1_s_s1_best_e1	bbox_from_instance	0.09	0.5670	0.3729	0.7241	71	1000				
2026-08-27 07:03	t1_nano_k025_t024_s1_s_s2_best_e1	bbox_from_instance	0.09	0.5371	0.3292	0.6868	71	1000				
2026-08-27 07:03	t1_nano_k025_t024_s1_s_s3_best_e3	bbox_from_instance	0.01	0.5455	0.3154	0.7247	71	1000				
2026-08-27 07:03	yolo26s_dense[pooled 3 seeds]	bbox_from_instance		0.5499			71	1000	yolo26s_canonical[pooled 3 seeds]	0.0691	0.0079	0.1360
2026-08-27 07:03	t1_nano_k025_t024_s1_s_s3_best_e3	bbox_from_instance	0.01	0.5455			71	1000	canon_bfi_s_s3_best_e17	0.1154	0.0099	0.2690
2026-08-27 07:03	canon_bfi_s_s1_best_e1	bbox	0.07	0.5470	0.3058	0.7199	71	1000				
2026-08-27 07:03	canon_bfi_s_s1_best_e1_img384	bbox	0.05	0.5032	0.2911	0.6492	71	1000				
2026-08-27 07:03	canon_bfi_s_s1_best_e1_img512	bbox	0.05	0.5341	0.3003	0.6963	71	1000				
2026-08-27 07:03	canon_bfi_s_s2_best_e25	bbox	0.02	0.4821	0.2213	0.6812	71	1000				
2026-08-27 07:03	canon_bfi_s_s3_best_e17	bbox	0.03	0.4663	0.1840	0.6699	71	1000				
2026-08-27 07:03	t1_nano_k025_t024_s1_s_s1_best_e1	bbox	0.09	0.5825	0.3828	0.7313	71	1000				
2026-08-27 07:03	t1_nano_k025_t024_s1_s_s2_best_e1	bbox	0.11	0.5475	0.3104	0.7123	71	1000				
2026-08-27 07:03	t1_nano_k025_t024_s1_s_s3_best_e3	bbox	0.02	0.5401	0.2573	0.7220	71	1000				
2026-08-27 07:03	yolo26s_dense[pooled 3 seeds]	bbox		0.5569			71	1000	yolo26s_canonical[pooled 3 seeds]	0.0578	0.0062	0.1122
2026-08-27 07:03	t1_nano_k025_t024_s1_s_s3_best_e3	bbox	0.02	0.5401			71	1000	canon_bfi_s_s3_best_e17	0.0738	0.0022	0.1626
2026-08-27 08:35	t1_nano_k025_t024_s1_n_s1_best_e2	bbox_from_instance	0.04	0.5130	0.2634	0.7033	71	1000				
2026-08-27 08:35	t1_nano_k025_t024_s1_n_s1_best_e2_img384	bbox_from_instance	0.04	0.4976	0.2568	0.6668	71	1000				
2026-08-27 08:35	t1_nano_k025_t024_s1_n_s1_best_e2_img512	bbox_from_instance	0.05	0.4945	0.2245	0.6868	71	1000				
2026-08-27 08:35	t1_nano_k025_t024_s1_n_s2_best_e2	bbox_from_instance	0.06	0.5274	0.2678	0.6896	71	1000				
2026-08-27 08:35	t1_nano_k025_t024_s1_n_s2_best_e2_img384	bbox_from_instance	0.08	0.5276	0.2721	0.7027	71	1000				
2026-08-27 08:35	t1_nano_k025_t024_s1_n_s2_best_e2_img512	bbox_from_instance	0.08	0.5307	0.2324	0.7314	71	1000				
2026-08-27 08:35	t1_nano_k025_t024_s1_n_s3_best_e2	bbox_from_instance	0.07	0.5520	0.2664	0.7398	71	1000				
2026-08-27 08:35	t1_nano_k025_t024_s1_n_s3_best_e2_img384	bbox_from_instance	0.05	0.5545	0.3114	0.7374	71	1000				
2026-08-27 08:35	t1_nano_k025_t024_s1_n_s3_best_e2_img512	bbox_from_instance	0.05	0.5465	0.2893	0.7180	71	1000				
2026-08-27 08:35	t1_nano_k0_t024_s1_n_s1_best_e2	bbox_from_instance	0.04	0.4966	0.2330	0.7031	71	1000				
2026-08-27 08:35	t1_nano_k0_t024_s1_n_s2_best_e2	bbox_from_instance	0.03	0.4912	0.2512	0.6701	71	1000				
2026-08-27 08:35	t1_nano_k0_t024_s1_n_s3_best_e2	bbox_from_instance	0.05	0.5468	0.2870	0.7074	71	1000				
2026-08-27 08:35	T1_teacher[pooled 3 seeds]	bbox_from_instance		0.5308			71	1000	no_smoothing[pooled 3 seeds]	0.0195	-0.0094	0.0426
2026-08-27 08:35	t1_nano_k0_t024_s1_n_s3_best_e2	bbox_from_instance	0.05	0.5468			71	1000	t1_nano_k025_t024_s1_n_s3_best_e2	-0.0052	-0.0279	0.0282
2026-08-27 08:35	t1_nano_k025_t024_s1_n_s1_best_e2	bbox	0.04	0.5269	0.2726	0.7027	71	1000				
2026-08-27 08:36	t1_nano_k025_t024_s1_n_s1_best_e2_img384	bbox	0.04	0.5045	0.2538	0.6840	71	1000				
2026-08-27 08:36	t1_nano_k025_t024_s1_n_s1_best_e2_img512	bbox	0.05	0.4905	0.2128	0.6933	71	1000				
2026-08-27 08:36	t1_nano_k025_t024_s1_n_s2_best_e2	bbox	0.10	0.5256	0.2273	0.6954	71	1000				
2026-08-27 08:36	t1_nano_k025_t024_s1_n_s2_best_e2_img384	bbox	0.06	0.5339	0.2336	0.7138	71	1000				
2026-08-27 08:36	t1_nano_k025_t024_s1_n_s2_best_e2_img512	bbox	0.08	0.5351	0.2268	0.7244	71	1000				
2026-08-27 08:36	t1_nano_k025_t024_s1_n_s3_best_e2	bbox	0.07	0.5438	0.2645	0.7159	71	1000				
2026-08-27 08:36	t1_nano_k025_t024_s1_n_s3_best_e2_img384	bbox	0.05	0.5504	0.2681	0.7231	71	1000				
2026-08-27 08:36	t1_nano_k025_t024_s1_n_s3_best_e2_img512	bbox	0.03	0.5485	0.2814	0.7202	71	1000				
2026-08-27 08:36	t1_nano_k0_t024_s1_n_s1_best_e2	bbox	0.04	0.5119	0.2415	0.7117	71	1000				
2026-08-27 08:36	t1_nano_k0_t024_s1_n_s2_best_e2	bbox	0.03	0.4954	0.2279	0.6431	71	1000				
2026-08-27 08:36	t1_nano_k0_t024_s1_n_s3_best_e2	bbox	0.05	0.5365	0.2589	0.7078	71	1000				
2026-08-27 08:36	T1_teacher[pooled 3 seeds]	bbox		0.5321			71	1000	no_smoothing[pooled 3 seeds]	0.0177	-0.0025	0.0358
2026-08-27 08:36	t1_nano_k0_t024_s1_n_s3_best_e2	bbox	0.05	0.5365			71	1000	t1_nano_k025_t024_s1_n_s3_best_e2	-0.0072	-0.0246	0.0159
2026-08-27 10:39	canon_bfi_n_s1_best_e18	bbox_from_instance	0.03	0.4967	0.2605	0.6968	71	1000				
2026-08-27 10:40	canon_bfi_n_s1_best_e18_img384	bbox_from_instance	0.02	0.4900	0.2856	0.6581	71	1000				
2026-08-27 10:40	canon_bfi_n_s1_best_e18_img512	bbox_from_instance	0.03	0.4827	0.2537	0.6829	71	1000				
2026-08-27 10:40	canon_bfi_n_s1_best_e18_sm1	bbox_from_instance	0.02	0.5231	0.2835	0.7147	71	1000				
2026-08-27 10:40	canon_bfi_n_s1_best_e18_sm2	bbox_from_instance	0.02	0.5272	0.2929	0.7285	71	1000				
2026-08-27 10:40	canon_bfi_n_s2_best_e8	bbox_from_instance	0.04	0.5008	0.2567	0.6711	71	1000				
2026-08-27 10:40	canon_bfi_n_s2_best_e8_img384	bbox_from_instance	0.06	0.4882	0.2443	0.6709	71	1000				
2026-08-27 10:40	canon_bfi_n_s2_best_e8_img512	bbox_from_instance	0.08	0.4809	0.2304	0.6962	71	1000				
2026-08-27 10:40	canon_bfi_n_s2_best_e8_sm1	bbox_from_instance	0.02	0.5260	0.2938	0.6901	71	1000				
2026-08-27 10:40	canon_bfi_n_s2_best_e8_sm2	bbox_from_instance	0.01	0.5242	0.2972	0.6912	71	1000				
2026-08-27 10:40	canon_bfi_n_s3_best_e22	bbox_from_instance	0.04	0.4525	0.1904	0.6935	71	1000				
2026-08-27 10:40	canon_bfi_n_s3_best_e22_img384	bbox_from_instance	0.06	0.4749	0.2222	0.6876	71	1000				
2026-08-27 10:40	canon_bfi_n_s3_best_e22_img512	bbox_from_instance	0.06	0.4500	0.2059	0.6699	71	1000				
2026-08-27 10:40	canon_bfi_n_s3_best_e22_sm1	bbox_from_instance	0.03	0.4709	0.2077	0.7203	71	1000				
2026-08-27 10:40	canon_bfi_n_s3_best_e22_sm2	bbox_from_instance	0.04	0.4712	0.1930	0.7143	71	1000				
2026-08-27 10:40	canon_bfi_s_s1_best_e1	bbox_from_instance	0.05	0.5550	0.3505	0.7079	71	1000				
2026-08-27 10:40	canon_bfi_s_s1_best_e1_img384	bbox_from_instance	0.05	0.5229	0.3292	0.6489	71	1000				
2026-08-27 10:40	canon_bfi_s_s1_best_e1_img512	bbox_from_instance	0.05	0.5452	0.3297	0.6922	71	1000				
2026-08-27 10:40	canon_bfi_s_s2_best_e25	bbox_from_instance	0.01	0.4530	0.2115	0.6767	71	1000				
2026-08-27 10:40	canon_bfi_s_s2_best_e25_img384	bbox_from_instance	0.01	0.4705	0.2319	0.6638	71	1000				
2026-08-27 10:40	canon_bfi_s_s2_best_e25_img512	bbox_from_instance	0.03	0.4746	0.2106	0.6792	71	1000				
2026-08-27 10:40	canon_bfi_s_s3_best_e17	bbox_from_instance	0.03	0.4301	0.1371	0.6736	71	1000				
2026-08-27 10:40	canon_bfi_s_s3_best_e17_img384	bbox_from_instance	0.07	0.4537	0.1683	0.6474	71	1000				
2026-08-27 10:40	canon_bfi_s_s3_best_e17_img512	bbox_from_instance	0.07	0.4337	0.1482	0.6774	71	1000				
2026-08-27 10:40	interp_gt_s1_n_s1_best_e2	bbox_from_instance	0.05	0.4713	0.1953	0.6617	71	1000				
2026-08-27 10:40	interp_gt_s1_n_s1_best_e2_sm1	bbox_from_instance	0.03	0.4994	0.2154	0.7080	71	1000				
2026-08-27 10:40	interp_gt_s1_n_s1_best_e2_sm2	bbox_from_instance	0.03	0.5041	0.2120	0.6937	71	1000				
2026-08-27 10:40	interp_gt_s1_n_s2_best_e2	bbox_from_instance	0.07	0.5518	0.2894	0.7316	71	1000				
2026-08-27 10:41	interp_gt_s1_n_s2_best_e2_sm1	bbox_from_instance	0.03	0.5823	0.3348	0.7558	71	1000				
2026-08-27 10:41	interp_gt_s1_n_s2_best_e2_sm2	bbox_from_instance	0.03	0.5905	0.3305	0.7613	71	1000				
2026-08-27 10:41	interp_gt_s1_n_s3_best_e3	bbox_from_instance	0.03	0.4987	0.2222	0.6795	71	1000				
2026-08-27 10:41	interp_gt_s1_n_s3_best_e3_sm1	bbox_from_instance	0.03	0.5194	0.2234	0.7185	71	1000				
2026-08-27 10:41	interp_gt_s1_n_s3_best_e3_sm2	bbox_from_instance	0.03	0.5237	0.2109	0.7149	71	1000				
2026-08-27 10:41	kd_bfi_x_n_s1_best_e17	bbox_from_instance	0.02	0.4609	0.2001	0.6691	71	1000				
2026-08-27 10:41	kd_bfi_x_n_s2_best_e21	bbox_from_instance	0.02	0.4889	0.2225	0.6910	71	1000				
2026-08-27 10:41	kd_bfi_x_n_s3_best_e22	bbox_from_instance	0.02	0.4918	0.2075	0.6886	71	1000				
2026-08-27 10:41	kd_interp_n_s2_best_e2	bbox_from_instance	0.04	0.5005	0.2353	0.7017	71	1000				
2026-08-27 10:41	kd_interp_n_s3_best_e3	bbox_from_instance	0.03	0.5015	0.2520	0.6976	71	1000				
2026-08-27 10:41	kd_t1_n_s1_best_e3	bbox_from_instance	0.03	0.4945	0.2424	0.6556	71	1000				
2026-08-27 10:41	kd_t1_n_s2_best_e3	bbox_from_instance	0.04	0.5051	0.2283	0.7070	71	1000				
2026-08-27 10:41	kd_t1_n_s3_best_e2	bbox_from_instance	0.03	0.5351	0.2883	0.6834	71	1000				
2026-08-27 10:41	t1_nano_k025_t015_s1_n_s1_best_e3	bbox_from_instance	0.03	0.5256	0.2805	0.6978	71	1000				
2026-08-27 10:41	t1_nano_k025_t024_s1_keepempty_n_s1_best_e2	bbox_from_instance	0.02	0.5064	0.2595	0.6859	71	1000				
2026-08-27 10:41	t1_nano_k025_t024_s1_n_s1_best_e2	bbox_from_instance	0.04	0.5130	0.2622	0.7177	71	1000				
2026-08-27 10:41	t1_nano_k025_t024_s1_n_s1_best_e2_img384	bbox_from_instance	0.04	0.4976	0.2493	0.6738	71	1000				
2026-08-27 10:41	t1_nano_k025_t024_s1_n_s1_best_e2_img512	bbox_from_instance	0.05	0.4945	0.2305	0.7163	71	1000				
2026-08-27 10:41	t1_nano_k025_t024_s1_n_s1_best_e2_sm1	bbox_from_instance	0.02	0.5337	0.2620	0.7234	71	1000				
2026-08-27 10:41	t1_nano_k025_t024_s1_n_s1_best_e2_sm2	bbox_from_instance	0.02	0.5365	0.3033	0.7141	71	1000				
2026-08-27 10:41	t1_nano_k025_t024_s1_n_s2_best_e2	bbox_from_instance	0.06	0.5274	0.2650	0.7008	71	1000				
2026-08-27 10:41	t1_nano_k025_t024_s1_n_s2_best_e2_img384	bbox_from_instance	0.08	0.5276	0.2684	0.7014	71	1000				
2026-08-27 10:41	t1_nano_k025_t024_s1_n_s2_best_e2_img512	bbox_from_instance	0.08	0.5307	0.2311	0.7299	71	1000				
2026-08-27 10:41	t1_nano_k025_t024_s1_n_s2_best_e2_sm1	bbox_from_instance	0.03	0.5650	0.3162	0.7286	71	1000				
2026-08-27 10:41	t1_nano_k025_t024_s1_n_s2_best_e2_sm2	bbox_from_instance	0.03	0.5696	0.3006	0.7463	71	1000				
2026-08-27 10:41	t1_nano_k025_t024_s1_n_s3_best_e2	bbox_from_instance	0.07	0.5520	0.2889	0.7289	71	1000				
2026-08-27 10:42	t1_nano_k025_t024_s1_n_s3_best_e2_img384	bbox_from_instance	0.05	0.5545	0.3097	0.7430	71	1000				
2026-08-27 10:42	t1_nano_k025_t024_s1_n_s3_best_e2_img512	bbox_from_instance	0.05	0.5465	0.2944	0.7344	71	1000				
2026-08-27 10:42	t1_nano_k025_t024_s1_n_s3_best_e2_sm1	bbox_from_instance	0.05	0.5730	0.3219	0.7468	71	1000				
2026-08-27 10:42	t1_nano_k025_t024_s1_n_s3_best_e2_sm2	bbox_from_instance	0.06	0.5732	0.3100	0.7496	71	1000				
2026-08-27 10:42	t1_nano_k025_t024_s1_noneg_n_s1_best_e4	bbox_from_instance	0.04	0.4994	0.2555	0.7070	71	1000				
2026-08-27 10:42	t1_nano_k025_t024_s1_noneg_n_s2_best_e3	bbox_from_instance	0.05	0.4671	0.2017	0.6797	71	1000				
2026-08-27 10:42	t1_nano_k025_t024_s1_noneg_n_s3_best_e3	bbox_from_instance	0.05	0.5380	0.2967	0.7051	71	1000				
2026-08-27 10:42	t1_nano_k025_t024_s1_s_s1_best_e1	bbox_from_instance	0.09	0.5670	0.3677	0.7205	71	1000				
2026-08-27 10:42	t1_nano_k025_t024_s1_s_s1_best_e1_img384	bbox_from_instance	0.06	0.5900	0.3782	0.7297	71	1000				
2026-08-27 10:42	t1_nano_k025_t024_s1_s_s1_best_e1_img512	bbox_from_instance	0.11	0.5803	0.3789	0.7438	71	1000				
2026-08-27 10:42	t1_nano_k025_t024_s1_s_s1_best_e1_sm1	bbox_from_instance	0.07	0.5909	0.3908	0.7329	71	1000				
2026-08-27 10:42	t1_nano_k025_t024_s1_s_s1_best_e1_sm2	bbox_from_instance	0.08	0.5974	0.4043	0.7416	71	1000				
2026-08-27 10:42	t1_nano_k025_t024_s1_s_s2_best_e1	bbox_from_instance	0.09	0.5371	0.3366	0.6916	71	1000				
2026-08-27 10:42	t1_nano_k025_t024_s1_s_s2_best_e1_img384	bbox_from_instance	0.11	0.5764	0.3875	0.7226	71	1000				
2026-08-27 10:42	t1_nano_k025_t024_s1_s_s2_best_e1_img512	bbox_from_instance	0.10	0.5268	0.3120	0.6546	71	1000				
2026-08-27 10:42	t1_nano_k025_t024_s1_s_s2_best_e1_sm1	bbox_from_instance	0.05	0.5526	0.3595	0.6873	71	1000				
2026-08-27 10:42	t1_nano_k025_t024_s1_s_s2_best_e1_sm2	bbox_from_instance	0.06	0.5558	0.3647	0.7118	71	1000				
2026-08-27 10:42	t1_nano_k025_t024_s1_s_s3_best_e3	bbox_from_instance	0.01	0.5455	0.2973	0.7157	71	1000				
2026-08-27 10:42	t1_nano_k025_t024_s1_s_s3_best_e3_img384	bbox_from_instance	0.02	0.5667	0.3348	0.7330	71	1000				
2026-08-27 10:42	t1_nano_k025_t024_s1_s_s3_best_e3_img512	bbox_from_instance	0.02	0.5515	0.2898	0.7282	71	1000				
2026-08-27 10:42	t1_nano_k025_t024_s1_s_s3_best_e3_sm1	bbox_from_instance	0.01	0.5680	0.3155	0.7405	71	1000				
2026-08-27 10:42	t1_nano_k025_t024_s1_s_s3_best_e3_sm2	bbox_from_instance	0.01	0.5720	0.2996	0.7449	71	1000				
2026-08-27 10:42	t1_nano_k025_t024_s2_n_s1_best_e3	bbox_from_instance	0.13	0.5336	0.2669	0.7063	71	1000				
2026-08-27 10:42	t1_nano_k025_t024_s2_n_s2_best_e25	bbox_from_instance	0.02	0.4844	0.2146	0.6930	71	1000				
2026-08-27 10:42	t1_nano_k025_t024_s2_n_s3_best_e2	bbox_from_instance	0.06	0.5414	0.3034	0.7169	71	1000				
2026-08-27 10:43	t1_nano_k025_t024_s4_n_s1_best_e4	bbox_from_instance	0.07	0.4655	0.1873	0.6784	71	1000				
2026-08-27 10:43	t1_nano_k025_t024_s4_n_s2_best_e10	bbox_from_instance	0.01	0.5159	0.2848	0.6889	71	1000				
2026-08-27 10:43	t1_nano_k025_t024_s4_n_s3_best_e24	bbox_from_instance	0.03	0.5444	0.2883	0.7260	71	1000				
2026-08-27 10:43	t1_nano_k025_t035_s1_n_s1_best_e2	bbox_from_instance	0.03	0.5351	0.3062	0.6953	71	1000				
2026-08-27 10:43	t1_nano_k0_t024_s1_n_s1_best_e2	bbox_from_instance	0.04	0.4966	0.2332	0.6863	71	1000				
2026-08-27 10:43	t1_nano_k0_t024_s1_n_s2_best_e2	bbox_from_instance	0.03	0.4912	0.2558	0.6548	71	1000				
2026-08-27 10:43	t1_nano_k0_t024_s1_n_s3_best_e2	bbox_from_instance	0.05	0.5468	0.2817	0.7146	71	1000				
2026-08-27 10:43	t1_nanoadd_k025_t024_s1_n_s1_best_e24	bbox_from_instance	0.04	0.5402	0.2842	0.7209	71	1000				
2026-08-27 10:43	t1s1_ft_canon_bfi_n_s1_best_e1	bbox_from_instance	0.05	0.4451	0.1806	0.6641	71	1000				
2026-08-27 10:43	t1s1_ftlow_canon_bfi_n_s1_best_e6	bbox_from_instance	0.01	0.4803	0.2529	0.6685	71	1000				
2026-08-27 10:43	t1s2_ftlow_canon_bfi_n_s2_best_e5	bbox_from_instance	0.03	0.5134	0.2649	0.6899	71	1000				
2026-08-27 10:43	t1s3_ftlow_canon_bfi_n_s3_best_e5	bbox_from_instance	0.02	0.5218	0.2966	0.7054	71	1000				
2026-08-27 10:43	canon_n_sm2[pooled 3 seeds]	bbox_from_instance		0.5083			71	1000	canon_n[pooled 3 seeds]	0.0247	0.0146	0.0388
2026-08-27 10:43	interp_n_sm2[pooled 3 seeds]	bbox_from_instance		0.5396			71	1000	interp_n[pooled 3 seeds]	0.0327	0.0231	0.0424
2026-08-27 10:43	dense_n_sm2[pooled 3 seeds]	bbox_from_instance		0.5597			71	1000	dense_n[pooled 3 seeds]	0.0289	0.0152	0.0449
2026-08-27 10:43	dense_s_sm2[pooled 3 seeds]	bbox_from_instance		0.5750			71	1000	dense_s[pooled 3 seeds]	0.0251	0.0156	0.0359
2026-08-27 10:43	dense_n_sm2[pooled 3 seeds]	bbox_from_instance		0.5597			71	1000	canon_n_sm2[pooled 3 seeds]	0.0514	-0.0216	0.1154
2026-08-27 10:43	canon_bfi_n_s1_best_e18	bbox	0.03	0.5198	0.2859	0.7110	71	1000				
2026-08-27 10:43	canon_bfi_n_s1_best_e18_img384	bbox	0.02	0.5272	0.2935	0.6884	71	1000				
2026-08-27 10:43	canon_bfi_n_s1_best_e18_img512	bbox	0.03	0.5099	0.2806	0.7048	71	1000				
2026-08-27 10:43	canon_bfi_n_s1_best_e18_sm1	bbox	0.01	0.5574	0.3371	0.7493	71	1000				
2026-08-27 10:43	canon_bfi_n_s1_best_e18_sm2	bbox	0.01	0.5633	0.3453	0.7423	71	1000				
2026-08-27 10:43	canon_bfi_n_s2_best_e8	bbox	0.06	0.5177	0.2382	0.6965	71	1000				
2026-08-27 10:43	canon_bfi_n_s2_best_e8_img384	bbox	0.05	0.5181	0.2672	0.6739	71	1000				
2026-08-27 10:43	canon_bfi_n_s2_best_e8_img512	bbox	0.08	0.5000	0.2006	0.6829	71	1000				
2026-08-27 10:43	canon_bfi_n_s2_best_e8_sm1	bbox	0.02	0.5430	0.2885	0.7041	71	1000				
2026-08-27 10:43	canon_bfi_n_s2_best_e8_sm2	bbox	0.02	0.5493	0.2393	0.7101	71	1000				
2026-08-27 10:43	canon_bfi_n_s3_best_e22	bbox	0.04	0.4631	0.1961	0.6862	71	1000				
2026-08-27 10:43	canon_bfi_n_s3_best_e22_img384	bbox	0.04	0.5147	0.2598	0.6972	71	1000				
2026-08-27 10:43	canon_bfi_n_s3_best_e22_img512	bbox	0.06	0.4741	0.2187	0.6822	71	1000				
2026-08-27 10:43	canon_bfi_n_s3_best_e22_sm1	bbox	0.03	0.4804	0.2270	0.7060	71	1000				
2026-08-27 10:43	canon_bfi_n_s3_best_e22_sm2	bbox	0.05	0.4792	0.2034	0.7035	71	1000				
2026-08-27 10:44	canon_bfi_s_s1_best_e1	bbox	0.07	0.5470	0.2800	0.7212	71	1000				
2026-08-27 10:44	canon_bfi_s_s1_best_e1_img384	bbox	0.05	0.5032	0.2875	0.6320	71	1000				
2026-08-27 10:44	canon_bfi_s_s1_best_e1_img512	bbox	0.05	0.5341	0.2866	0.6926	71	1000				
2026-08-27 10:44	canon_bfi_s_s2_best_e25	bbox	0.02	0.4821	0.2327	0.6975	71	1000				
2026-08-27 10:44	canon_bfi_s_s2_best_e25_img384	bbox	0.01	0.4958	0.2444	0.6716	71	1000				
2026-08-27 10:44	canon_bfi_s_s2_best_e25_img512	bbox	0.03	0.5064	0.2258	0.7001	71	1000				
2026-08-27 10:44	canon_bfi_s_s3_best_e17	bbox	0.03	0.4663	0.1792	0.6819	71	1000				
2026-08-27 10:44	canon_bfi_s_s3_best_e17_img384	bbox	0.07	0.4856	0.1970	0.6935	71	1000				
2026-08-27 10:44	canon_bfi_s_s3_best_e17_img512	bbox	0.08	0.4697	0.1729	0.6869	71	1000				
2026-08-27 10:44	interp_gt_s1_n_s1_best_e2	bbox	0.05	0.4678	0.1863	0.6593	71	1000				
2026-08-27 10:44	interp_gt_s1_n_s1_best_e2_sm1	bbox	0.04	0.4872	0.1989	0.6895	71	1000				
2026-08-27 10:44	interp_gt_s1_n_s1_best_e2_sm2	bbox	0.03	0.4929	0.2027	0.6998	71	1000				
2026-08-27 10:44	interp_gt_s1_n_s2_best_e2	bbox	0.07	0.5552	0.2672	0.7323	71	1000				
2026-08-27 10:44	interp_gt_s1_n_s2_best_e2_sm1	bbox	0.03	0.5808	0.2855	0.7488	71	1000				
2026-08-27 10:44	interp_gt_s1_n_s2_best_e2_sm2	bbox	0.03	0.5882	0.2982	0.7669	71	1000				
2026-08-27 10:44	interp_gt_s1_n_s3_best_e3	bbox	0.04	0.5002	0.1953	0.6847	71	1000				
2026-08-27 10:44	interp_gt_s1_n_s3_best_e3_sm1	bbox	0.02	0.5184	0.2300	0.6992	71	1000				
2026-08-27 10:44	interp_gt_s1_n_s3_best_e3_sm2	bbox	0.02	0.5201	0.2542	0.7126	71	1000				
2026-08-27 10:44	kd_bfi_x_n_s1_best_e17	bbox	0.02	0.4694	0.2163	0.6577	71	1000				
2026-08-27 10:44	kd_bfi_x_n_s2_best_e21	bbox	0.02	0.5273	0.2626	0.7220	71	1000				
2026-08-27 10:44	kd_bfi_x_n_s3_best_e22	bbox	0.01	0.5150	0.2239	0.6962	71	1000				
2026-08-27 10:44	kd_interp_n_s2_best_e2	bbox	0.05	0.4985	0.1909	0.6937	71	1000				
2026-08-27 10:44	kd_interp_n_s3_best_e3	bbox	0.04	0.5214	0.2442	0.6953	71	1000				
2026-08-27 10:44	kd_t1_n_s1_best_e3	bbox	0.03	0.5047	0.2331	0.6540	71	1000				
2026-08-27 10:44	kd_t1_n_s2_best_e3	bbox	0.04	0.5241	0.2289	0.7077	71	1000				
2026-08-27 10:44	kd_t1_n_s3_best_e2	bbox	0.03	0.5397	0.2772	0.6855	71	1000				
2026-08-27 10:44	t1_nano_k025_t015_s1_n_s1_best_e3	bbox	0.03	0.5311	0.2735	0.7033	71	1000				
2026-08-27 10:44	t1_nano_k025_t024_s1_keepempty_n_s1_best_e2	bbox	0.02	0.5095	0.2457	0.6980	71	1000				
2026-08-27 10:44	t1_nano_k025_t024_s1_n_s1_best_e2	bbox	0.04	0.5269	0.2633	0.7093	71	1000				
2026-08-27 10:45	t1_nano_k025_t024_s1_n_s1_best_e2_img384	bbox	0.04	0.5045	0.2579	0.6732	71	1000				
2026-08-27 10:45	t1_nano_k025_t024_s1_n_s1_best_e2_img512	bbox	0.05	0.4905	0.2199	0.6854	71	1000				
2026-08-27 10:45	t1_nano_k025_t024_s1_n_s1_best_e2_sm1	bbox	0.02	0.5487	0.2875	0.7238	71	1000				
2026-08-27 10:45	t1_nano_k025_t024_s1_n_s1_best_e2_sm2	bbox	0.02	0.5514	0.2963	0.7205	71	1000				
2026-08-27 10:45	t1_nano_k025_t024_s1_n_s2_best_e2	bbox	0.10	0.5256	0.2184	0.6883	71	1000				
2026-08-27 10:45	t1_nano_k025_t024_s1_n_s2_best_e2_img384	bbox	0.06	0.5339	0.2544	0.7007	71	1000				
2026-08-27 10:45	t1_nano_k025_t024_s1_n_s2_best_e2_img512	bbox	0.08	0.5351	0.2677	0.7336	71	1000				
2026-08-27 10:45	t1_nano_k025_t024_s1_n_s2_best_e2_sm1	bbox	0.03	0.5671	0.2985	0.7399	71	1000				
2026-08-27 10:45	t1_nano_k025_t024_s1_n_s2_best_e2_sm2	bbox	0.02	0.5722	0.3074	0.7370	71	1000				
2026-08-27 10:45	t1_nano_k025_t024_s1_n_s3_best_e2	bbox	0.07	0.5438	0.2431	0.7297	71	1000				
2026-08-27 10:45	t1_nano_k025_t024_s1_n_s3_best_e2_img384	bbox	0.05	0.5504	0.2948	0.7232	71	1000				
2026-08-27 10:45	t1_nano_k025_t024_s1_n_s3_best_e2_img512	bbox	0.03	0.5485	0.2869	0.7083	71	1000				
2026-08-27 10:45	t1_nano_k025_t024_s1_n_s3_best_e2_sm1	bbox	0.03	0.5687	0.3414	0.7441	71	1000				
2026-08-27 10:45	t1_nano_k025_t024_s1_n_s3_best_e2_sm2	bbox	0.06	0.5624	0.2965	0.7337	71	1000				
2026-08-27 10:45	t1_nano_k025_t024_s1_noneg_n_s1_best_e4	bbox	0.04	0.5213	0.2443	0.6911	71	1000				
2026-08-27 10:45	t1_nano_k025_t024_s1_noneg_n_s2_best_e3	bbox	0.05	0.4848	0.2027	0.6709	71	1000				
2026-08-27 10:45	t1_nano_k025_t024_s1_noneg_n_s3_best_e3	bbox	0.05	0.5480	0.2914	0.7116	71	1000				
2026-08-27 10:45	t1_nano_k025_t024_s1_s_s1_best_e1	bbox	0.09	0.5825	0.3701	0.7236	71	1000				
2026-08-27 10:45	t1_nano_k025_t024_s1_s_s1_best_e1_img384	bbox	0.06	0.5662	0.3516	0.7256	71	1000				
2026-08-27 10:45	t1_nano_k025_t024_s1_s_s1_best_e1_img512	bbox	0.11	0.5754	0.3485	0.7381	71	1000				
2026-08-27 10:45	t1_nano_k025_t024_s1_s_s1_best_e1_sm1	bbox	0.07	0.6035	0.3954	0.7401	71	1000				
2026-08-27 10:45	t1_nano_k025_t024_s1_s_s1_best_e1_sm2	bbox	0.08	0.6103	0.4062	0.7609	71	1000				
2026-08-27 10:45	t1_nano_k025_t024_s1_s_s2_best_e1	bbox	0.11	0.5475	0.3179	0.7049	71	1000				
2026-08-27 10:45	t1_nano_k025_t024_s1_s_s2_best_e1_img384	bbox	0.15	0.5766	0.3379	0.7371	71	1000				
2026-08-27 10:45	t1_nano_k025_t024_s1_s_s2_best_e1_img512	bbox	0.11	0.5392	0.3003	0.6863	71	1000				
2026-08-27 10:45	t1_nano_k025_t024_s1_s_s2_best_e1_sm1	bbox	0.08	0.5643	0.3378	0.7215	71	1000				
2026-08-27 10:45	t1_nano_k025_t024_s1_s_s2_best_e1_sm2	bbox	0.09	0.5671	0.3365	0.7178	71	1000				
2026-08-27 10:46	t1_nano_k025_t024_s1_s_s3_best_e3	bbox	0.02	0.5401	0.2520	0.7195	71	1000				
2026-08-27 10:46	t1_nano_k025_t024_s1_s_s3_best_e3_img384	bbox	0.02	0.5564	0.3103	0.7260	71	1000				
2026-08-27 10:46	t1_nano_k025_t024_s1_s_s3_best_e3_img512	bbox	0.03	0.5498	0.2764	0.7257	71	1000				
2026-08-27 10:46	t1_nano_k025_t024_s1_s_s3_best_e3_sm1	bbox	0.01	0.5582	0.2927	0.7377	71	1000				
2026-08-27 10:46	t1_nano_k025_t024_s1_s_s3_best_e3_sm2	bbox	0.01	0.5612	0.2983	0.7341	71	1000				
2026-08-27 10:46	t1_nano_k025_t024_s2_n_s1_best_e3	bbox	0.14	0.5370	0.2485	0.6916	71	1000				
2026-08-27 10:46	t1_nano_k025_t024_s2_n_s2_best_e25	bbox	0.02	0.4955	0.2238	0.6676	71	1000				
2026-08-27 10:46	t1_nano_k025_t024_s2_n_s3_best_e2	bbox	0.11	0.5093	0.2511	0.7011	71	1000				
2026-08-27 10:46	t1_nano_k025_t024_s4_n_s1_best_e4	bbox	0.09	0.4666	0.1602	0.6774	71	1000				
2026-08-27 10:46	t1_nano_k025_t024_s4_n_s2_best_e10	bbox	0.01	0.5211	0.2680	0.7070	71	1000				
2026-08-27 10:46	t1_nano_k025_t024_s4_n_s3_best_e24	bbox	0.02	0.5453	0.2594	0.7202	71	1000				
2026-08-27 10:46	t1_nano_k025_t035_s1_n_s1_best_e2	bbox	0.03	0.5430	0.2917	0.6994	71	1000				
2026-08-27 10:46	t1_nano_k0_t024_s1_n_s1_best_e2	bbox	0.04	0.5119	0.2408	0.7016	71	1000				
2026-08-27 10:46	t1_nano_k0_t024_s1_n_s2_best_e2	bbox	0.03	0.4954	0.2206	0.6401	71	1000				
2026-08-27 10:46	t1_nano_k0_t024_s1_n_s3_best_e2	bbox	0.05	0.5365	0.2665	0.7114	71	1000				
2026-08-27 10:46	t1_nanoadd_k025_t024_s1_n_s1_best_e24	bbox	0.04	0.5406	0.2625	0.7165	71	1000				
2026-08-27 10:46	t1s1_ft_canon_bfi_n_s1_best_e1	bbox	0.05	0.4627	0.1728	0.6716	71	1000				
2026-08-27 10:46	t1s1_ftlow_canon_bfi_n_s1_best_e6	bbox	0.01	0.4944	0.2675	0.6843	71	1000				
2026-08-27 10:46	t1s2_ftlow_canon_bfi_n_s2_best_e5	bbox	0.03	0.5355	0.2682	0.7031	71	1000				
2026-08-27 10:46	t1s3_ftlow_canon_bfi_n_s3_best_e5	bbox	0.02	0.5095	0.2837	0.6696	71	1000				
2026-08-27 10:46	canon_n_sm2[pooled 3 seeds]	bbox		0.5316			71	1000	canon_n[pooled 3 seeds]	0.0313	0.0172	0.0485
2026-08-27 10:46	interp_n_sm2[pooled 3 seeds]	bbox		0.5339			71	1000	interp_n[pooled 3 seeds]	0.0265	0.0141	0.0381
2026-08-27 10:46	dense_n_sm2[pooled 3 seeds]	bbox		0.5621			71	1000	dense_n[pooled 3 seeds]	0.0300	0.0124	0.0507
2026-08-27 10:46	dense_s_sm2[pooled 3 seeds]	bbox		0.5797			71	1000	dense_s[pooled 3 seeds]	0.0228	0.0144	0.0324
2026-08-27 10:46	dense_n_sm2[pooled 3 seeds]	bbox		0.5621			71	1000	canon_n_sm2[pooled 3 seeds]	0.0305	-0.0336	0.0873
2026-08-27 16:07	canon_bfi_n_s1_best_e18	bbox_from_instance	0.03	0.4967	0.2605	0.6968	71	1000				
2026-08-27 16:07	canon_bfi_n_s1_best_e18_img384	bbox_from_instance	0.02	0.4900	0.2856	0.6581	71	1000				
2026-08-27 16:07	canon_bfi_n_s1_best_e18_img512	bbox_from_instance	0.03	0.4827	0.2537	0.6829	71	1000				
2026-08-27 16:07	canon_bfi_n_s1_best_e18_sm1	bbox_from_instance	0.02	0.5231	0.2835	0.7147	71	1000				
2026-08-27 16:07	canon_bfi_n_s1_best_e18_sm2	bbox_from_instance	0.02	0.5272	0.2929	0.7285	71	1000				
2026-08-27 16:07	canon_bfi_n_s2_best_e8	bbox_from_instance	0.04	0.5008	0.2567	0.6711	71	1000				
2026-08-27 16:07	canon_bfi_n_s2_best_e8_img384	bbox_from_instance	0.06	0.4882	0.2443	0.6709	71	1000				
2026-08-27 16:07	canon_bfi_n_s2_best_e8_img512	bbox_from_instance	0.08	0.4809	0.2304	0.6962	71	1000				
2026-08-27 16:07	canon_bfi_n_s2_best_e8_sm1	bbox_from_instance	0.02	0.5260	0.2938	0.6901	71	1000				
2026-08-27 16:08	canon_bfi_n_s2_best_e8_sm2	bbox_from_instance	0.01	0.5242	0.2972	0.6912	71	1000				
2026-08-27 16:08	canon_bfi_n_s3_best_e22	bbox_from_instance	0.04	0.4525	0.1904	0.6935	71	1000				
2026-08-27 16:08	canon_bfi_n_s3_best_e22_img384	bbox_from_instance	0.06	0.4749	0.2222	0.6876	71	1000				
2026-08-27 16:08	canon_bfi_n_s3_best_e22_img512	bbox_from_instance	0.06	0.4500	0.2059	0.6699	71	1000				
2026-08-27 16:08	canon_bfi_n_s3_best_e22_sm1	bbox_from_instance	0.03	0.4709	0.2077	0.7203	71	1000				
2026-08-27 16:08	canon_bfi_n_s3_best_e22_sm2	bbox_from_instance	0.04	0.4712	0.1930	0.7143	71	1000				
2026-08-27 16:08	canon_bfi_s_s1_best_e1	bbox_from_instance	0.05	0.5550	0.3505	0.7079	71	1000				
2026-08-27 16:09	canon_bfi_s_s1_best_e1_img384	bbox_from_instance	0.05	0.5229	0.3292	0.6489	71	1000				
2026-08-27 16:09	canon_bfi_s_s1_best_e1_img512	bbox_from_instance	0.05	0.5452	0.3297	0.6922	71	1000				
2026-08-27 16:09	canon_bfi_s_s2_best_e25	bbox_from_instance	0.01	0.4530	0.2115	0.6767	71	1000				
2026-08-27 16:09	canon_bfi_s_s2_best_e25_img384	bbox_from_instance	0.01	0.4705	0.2319	0.6638	71	1000				
2026-08-27 16:09	canon_bfi_s_s2_best_e25_img512	bbox_from_instance	0.03	0.4746	0.2106	0.6792	71	1000				
2026-08-27 16:09	canon_bfi_s_s3_best_e17	bbox_from_instance	0.03	0.4301	0.1371	0.6736	71	1000				
2026-08-27 16:09	canon_bfi_s_s3_best_e17_img384	bbox_from_instance	0.07	0.4537	0.1683	0.6474	71	1000				
2026-08-27 16:09	canon_bfi_s_s3_best_e17_img512	bbox_from_instance	0.07	0.4337	0.1482	0.6774	71	1000				
2026-08-27 16:09	h50_sparse_n_s1_best_e35	bbox_from_instance	0.02	0.4133	0.1593	0.6564	71	1000				
2026-08-27 16:09	h50_sparse_n_s2_best_e24	bbox_from_instance	0.02	0.4189	0.1498	0.6569	71	1000				
2026-08-27 16:09	interp_gt_s1_n_s1_best_e2	bbox_from_instance	0.05	0.4713	0.1924	0.6567	71	1000				
2026-08-27 16:09	interp_gt_s1_n_s1_best_e2_sm1	bbox_from_instance	0.03	0.4994	0.2154	0.6961	71	1000				
2026-08-27 16:09	interp_gt_s1_n_s1_best_e2_sm2	bbox_from_instance	0.03	0.5041	0.2473	0.7054	71	1000				
2026-08-27 16:10	interp_gt_s1_n_s2_best_e2	bbox_from_instance	0.07	0.5518	0.2778	0.7409	71	1000				
2026-08-27 16:10	interp_gt_s1_n_s2_best_e2_sm1	bbox_from_instance	0.03	0.5823	0.3229	0.7435	71	1000				
2026-08-27 16:10	interp_gt_s1_n_s2_best_e2_sm2	bbox_from_instance	0.03	0.5905	0.3322	0.7612	71	1000				
2026-08-27 16:10	interp_gt_s1_n_s3_best_e3	bbox_from_instance	0.03	0.4987	0.2003	0.6818	71	1000				
2026-08-27 16:10	interp_gt_s1_n_s3_best_e3_sm1	bbox_from_instance	0.03	0.5194	0.2283	0.7143	71	1000				
2026-08-27 16:10	interp_gt_s1_n_s3_best_e3_sm2	bbox_from_instance	0.03	0.5237	0.2293	0.7059	71	1000				
2026-08-27 16:10	kd_bfi_x_n_s1_best_e17	bbox_from_instance	0.02	0.4609	0.1862	0.6845	71	1000				
2026-08-27 16:10	kd_bfi_x_n_s2_best_e21	bbox_from_instance	0.02	0.4889	0.2397	0.7108	71	1000				
2026-08-27 16:10	kd_bfi_x_n_s3_best_e22	bbox_from_instance	0.02	0.4918	0.2303	0.7050	71	1000				
2026-08-27 16:10	kd_interp_n_s2_best_e2	bbox_from_instance	0.04	0.5005	0.2274	0.6896	71	1000				
2026-08-27 16:10	kd_interp_n_s3_best_e3	bbox_from_instance	0.03	0.5015	0.2382	0.6850	71	1000				
2026-08-27 16:10	kd_t1_n_s1_best_e3	bbox_from_instance	0.03	0.4945	0.2392	0.6480	71	1000				
2026-08-27 16:10	kd_t1_n_s2_best_e3	bbox_from_instance	0.04	0.5051	0.2371	0.6946	71	1000				
2026-08-27 16:10	kd_t1_n_s3_best_e2	bbox_from_instance	0.03	0.5351	0.2822	0.6880	71	1000				
2026-08-27 16:11	t1_nano_k025_t015_s1_n_s1_best_e3	bbox_from_instance	0.03	0.5256	0.2996	0.6954	71	1000				
2026-08-27 16:11	t1_nano_k025_t024_s1_keepempty_n_s1_best_e2	bbox_from_instance	0.02	0.5064	0.2552	0.6916	71	1000				
2026-08-27 16:11	t1_nano_k025_t024_s1_n_s1_best_e2	bbox_from_instance	0.04	0.5130	0.2446	0.7153	71	1000				
2026-08-27 16:11	t1_nano_k025_t024_s1_n_s1_best_e2_img384	bbox_from_instance	0.04	0.4976	0.2397	0.6818	71	1000				
2026-08-27 16:11	t1_nano_k025_t024_s1_n_s1_best_e2_img512	bbox_from_instance	0.05	0.4945	0.2545	0.6964	71	1000				
2026-08-27 16:11	t1_nano_k025_t024_s1_n_s1_best_e2_sm1	bbox_from_instance	0.02	0.5337	0.2851	0.7178	71	1000				
2026-08-27 16:11	t1_nano_k025_t024_s1_n_s1_best_e2_sm2	bbox_from_instance	0.02	0.5365	0.2862	0.7185	71	1000				
2026-08-27 16:11	t1_nano_k025_t024_s1_n_s2_best_e2	bbox_from_instance	0.06	0.5274	0.2475	0.7054	71	1000				
2026-08-27 16:11	t1_nano_k025_t024_s1_n_s2_best_e2_img384	bbox_from_instance	0.08	0.5276	0.2790	0.7050	71	1000				
2026-08-27 16:11	t1_nano_k025_t024_s1_n_s2_best_e2_img512	bbox_from_instance	0.08	0.5307	0.2470	0.7320	71	1000				
2026-08-27 16:11	t1_nano_k025_t024_s1_n_s2_best_e2_sm1	bbox_from_instance	0.03	0.5650	0.3072	0.7323	71	1000				
2026-08-27 16:11	t1_nano_k025_t024_s1_n_s2_best_e2_sm2	bbox_from_instance	0.03	0.5696	0.3179	0.7461	71	1000				
2026-08-27 16:11	t1_nano_k025_t024_s1_n_s3_best_e2	bbox_from_instance	0.07	0.5520	0.2837	0.7376	71	1000				
2026-08-27 16:11	t1_nano_k025_t024_s1_n_s3_best_e2_img384	bbox_from_instance	0.05	0.5545	0.3121	0.7300	71	1000				
2026-08-27 16:11	t1_nano_k025_t024_s1_n_s3_best_e2_img512	bbox_from_instance	0.05	0.5465	0.2876	0.7229	71	1000				
2026-08-27 16:11	t1_nano_k025_t024_s1_n_s3_best_e2_sm1	bbox_from_instance	0.05	0.5730	0.3242	0.7601	71	1000				
2026-08-27 16:11	t1_nano_k025_t024_s1_n_s3_best_e2_sm2	bbox_from_instance	0.06	0.5732	0.3052	0.7586	71	1000				
2026-08-27 16:12	t1_nano_k025_t024_s1_noneg_n_s1_best_e4	bbox_from_instance	0.04	0.4994	0.2425	0.6920	71	1000				
2026-08-27 16:12	t1_nano_k025_t024_s1_noneg_n_s2_best_e3	bbox_from_instance	0.05	0.4671	0.2025	0.6705	71	1000				
2026-08-27 16:12	t1_nano_k025_t024_s1_noneg_n_s3_best_e3	bbox_from_instance	0.05	0.5380	0.2909	0.7045	71	1000				
2026-08-27 16:12	t1_nano_k025_t024_s1_s_s1_best_e1	bbox_from_instance	0.09	0.5670	0.3769	0.7199	71	1000				
2026-08-27 16:12	t1_nano_k025_t024_s1_s_s1_best_e1_img384	bbox_from_instance	0.06	0.5900	0.3734	0.7345	71	1000				
2026-08-27 16:12	t1_nano_k025_t024_s1_s_s1_best_e1_img512	bbox_from_instance	0.11	0.5803	0.3781	0.7441	71	1000				
2026-08-27 16:12	t1_nano_k025_t024_s1_s_s1_best_e1_sm1	bbox_from_instance	0.07	0.5909	0.3970	0.7403	71	1000				
2026-08-27 16:12	t1_nano_k025_t024_s1_s_s1_best_e1_sm2	bbox_from_instance	0.08	0.5974	0.4040	0.7450	71	1000				
2026-08-27 16:12	t1_nano_k025_t024_s1_s_s2_best_e1	bbox_from_instance	0.09	0.5371	0.3234	0.6810	71	1000				
2026-08-27 16:12	t1_nano_k025_t024_s1_s_s2_best_e1_img384	bbox_from_instance	0.11	0.5764	0.3812	0.7144	71	1000				
2026-08-27 16:13	t1_nano_k025_t024_s1_s_s2_best_e1_img512	bbox_from_instance	0.10	0.5268	0.3385	0.6674	71	1000				
2026-08-27 16:13	t1_nano_k025_t024_s1_s_s2_best_e1_sm1	bbox_from_instance	0.05	0.5526	0.3442	0.6949	71	1000				
2026-08-27 16:13	t1_nano_k025_t024_s1_s_s2_best_e1_sm2	bbox_from_instance	0.06	0.5558	0.3476	0.7016	71	1000				
2026-08-27 16:13	t1_nano_k025_t024_s1_s_s3_best_e3	bbox_from_instance	0.01	0.5455	0.2976	0.7148	71	1000				
2026-08-27 16:13	t1_nano_k025_t024_s1_s_s3_best_e3_img384	bbox_from_instance	0.02	0.5667	0.3357	0.7234	71	1000				
2026-08-27 16:13	t1_nano_k025_t024_s1_s_s3_best_e3_img512	bbox_from_instance	0.02	0.5515	0.2793	0.7295	71	1000				
2026-08-27 16:13	t1_nano_k025_t024_s1_s_s3_best_e3_sm1	bbox_from_instance	0.01	0.5680	0.3055	0.7409	71	1000				
2026-08-27 16:13	t1_nano_k025_t024_s1_s_s3_best_e3_sm2	bbox_from_instance	0.01	0.5720	0.3164	0.7479	71	1000				
2026-08-27 16:13	t1_nano_k025_t024_s2_n_s1_best_e3	bbox_from_instance	0.13	0.5336	0.2561	0.7284	71	1000				
2026-08-27 16:13	t1_nano_k025_t024_s2_n_s2_best_e25	bbox_from_instance	0.02	0.4844	0.2157	0.6797	71	1000				
2026-08-27 16:13	t1_nano_k025_t024_s2_n_s3_best_e2	bbox_from_instance	0.06	0.5414	0.3042	0.7067	71	1000				
2026-08-27 16:13	t1_nano_k025_t024_s4_n_s1_best_e4	bbox_from_instance	0.07	0.4655	0.1912	0.6921	71	1000				
2026-08-27 16:13	t1_nano_k025_t024_s4_n_s2_best_e10	bbox_from_instance	0.01	0.5159	0.2929	0.6932	71	1000				
2026-08-27 16:13	t1_nano_k025_t024_s4_n_s3_best_e24	bbox_from_instance	0.03	0.5444	0.2714	0.7183	71	1000				
2026-08-27 16:13	t1_nano_k025_t035_s1_n_s1_best_e2	bbox_from_instance	0.03	0.5351	0.2973	0.6935	71	1000				
2026-08-27 16:14	t1_nano_k0_t024_s1_n_s1_best_e2	bbox_from_instance	0.04	0.4966	0.2250	0.6879	71	1000				
2026-08-27 16:14	t1_nano_k0_t024_s1_n_s2_best_e2	bbox_from_instance	0.03	0.4912	0.2442	0.6563	71	1000				
2026-08-27 16:14	t1_nano_k0_t024_s1_n_s3_best_e2	bbox_from_instance	0.05	0.5468	0.2607	0.7197	71	1000				
2026-08-27 16:14	t1_nanoadd_k025_t024_s1_n_s1_best_e24	bbox_from_instance	0.04	0.5402	0.2840	0.7116	71	1000				
2026-08-27 16:14	t1s1_ft_canon_bfi_n_s1_best_e1	bbox_from_instance	0.05	0.4451	0.1806	0.6509	71	1000				
2026-08-27 16:14	t1s1_ftlow_canon_bfi_n_s1_best_e6	bbox_from_instance	0.01	0.4803	0.2568	0.6934	71	1000				
2026-08-27 16:14	t1s2_ftlow_canon_bfi_n_s2_best_e5	bbox_from_instance	0.03	0.5134	0.2599	0.7055	71	1000				
2026-08-27 16:14	t1s3_ftlow_canon_bfi_n_s3_best_e5	bbox_from_instance	0.02	0.5218	0.2988	0.6903	71	1000				
2026-08-27 16:14	canon_n_sm1[pooled 3 seeds]	bbox_from_instance		0.5071			71	1000	canon_n[pooled 3 seeds]	0.0234	0.0169	0.0326
2026-08-27 16:14	interp_n_sm1[pooled 3 seeds]	bbox_from_instance		0.5339			71	1000	interp_n[pooled 3 seeds]	0.0270	0.0191	0.0341
2026-08-27 16:14	dense_n_sm1[pooled 3 seeds]	bbox_from_instance		0.5572			71	1000	dense_n[pooled 3 seeds]	0.0264	0.0125	0.0423
2026-08-27 16:14	dense_s_sm1[pooled 3 seeds]	bbox_from_instance		0.5704			71	1000	dense_s[pooled 3 seeds]	0.0205	0.0114	0.0297
2026-08-27 16:14	dense_n_sm1[pooled 3 seeds]	bbox_from_instance		0.5572			71	1000	canon_n_sm1[pooled 3 seeds]	0.0501	-0.0189	0.1183
2026-08-27 16:14	canon_bfi_n_s1_best_e18	bbox	0.03	0.5198	0.2930	0.7054	71	1000				
2026-08-27 16:14	canon_bfi_n_s1_best_e18_img384	bbox	0.02	0.5272	0.2912	0.6937	71	1000				
2026-08-27 16:14	canon_bfi_n_s1_best_e18_img512	bbox	0.03	0.5099	0.2853	0.7063	71	1000				
2026-08-27 16:14	canon_bfi_n_s1_best_e18_sm1	bbox	0.01	0.5574	0.3332	0.7467	71	1000				
2026-08-27 16:14	canon_bfi_n_s1_best_e18_sm2	bbox	0.01	0.5633	0.3458	0.7389	71	1000				
2026-08-27 16:14	canon_bfi_n_s2_best_e8	bbox	0.06	0.5177	0.2272	0.6903	71	1000				
2026-08-27 16:15	canon_bfi_n_s2_best_e8_img384	bbox	0.05	0.5181	0.2737	0.6793	71	1000				
2026-08-27 16:15	canon_bfi_n_s2_best_e8_img512	bbox	0.08	0.5000	0.1800	0.6815	71	1000				
2026-08-27 16:15	canon_bfi_n_s2_best_e8_sm1	bbox	0.02	0.5430	0.2658	0.7058	71	1000				
2026-08-27 16:15	canon_bfi_n_s2_best_e8_sm2	bbox	0.02	0.5493	0.2744	0.7126	71	1000				
2026-08-27 16:15	canon_bfi_n_s3_best_e22	bbox	0.04	0.4631	0.2012	0.6826	71	1000				
2026-08-27 16:15	canon_bfi_n_s3_best_e22_img384	bbox	0.04	0.5147	0.2750	0.6924	71	1000				
2026-08-27 16:15	canon_bfi_n_s3_best_e22_img512	bbox	0.06	0.4741	0.2081	0.6792	71	1000				
2026-08-27 16:15	canon_bfi_n_s3_best_e22_sm1	bbox	0.03	0.4804	0.2002	0.7062	71	1000				
2026-08-27 16:15	canon_bfi_n_s3_best_e22_sm2	bbox	0.05	0.4792	0.2073	0.7120	71	1000				
2026-08-27 16:15	canon_bfi_s_s1_best_e1	bbox	0.07	0.5470	0.2939	0.7179	71	1000				
2026-08-27 16:15	canon_bfi_s_s1_best_e1_img384	bbox	0.05	0.5032	0.3007	0.6401	71	1000				
2026-08-27 16:15	canon_bfi_s_s1_best_e1_img512	bbox	0.05	0.5341	0.2833	0.6965	71	1000				
2026-08-27 16:15	canon_bfi_s_s2_best_e25	bbox	0.02	0.4821	0.2231	0.6938	71	1000				
2026-08-27 16:15	canon_bfi_s_s2_best_e25_img384	bbox	0.01	0.4958	0.2465	0.6672	71	1000				
2026-08-27 16:15	canon_bfi_s_s2_best_e25_img512	bbox	0.03	0.5064	0.2260	0.7105	71	1000				
2026-08-27 16:16	canon_bfi_s_s3_best_e17	bbox	0.03	0.4663	0.1678	0.6825	71	1000				
2026-08-27 16:16	canon_bfi_s_s3_best_e17_img384	bbox	0.07	0.4856	0.1904	0.6761	71	1000				
2026-08-27 16:16	canon_bfi_s_s3_best_e17_img512	bbox	0.08	0.4697	0.1911	0.6843	71	1000				
2026-08-27 16:16	h50_sparse_n_s1_best_e35	bbox	0.02	0.4251	0.1475	0.6572	71	1000				
2026-08-27 16:16	h50_sparse_n_s2_best_e24	bbox	0.02	0.4392	0.1402	0.6581	71	1000				
2026-08-27 16:16	interp_gt_s1_n_s1_best_e2	bbox	0.05	0.4678	0.1766	0.6518	71	1000				
2026-08-27 16:16	interp_gt_s1_n_s1_best_e2_sm1	bbox	0.04	0.4872	0.1757	0.7088	71	1000				
2026-08-27 16:16	interp_gt_s1_n_s1_best_e2_sm2	bbox	0.03	0.4929	0.2021	0.6888	71	1000				
2026-08-27 16:16	interp_gt_s1_n_s2_best_e2	bbox	0.07	0.5552	0.2860	0.7264	71	1000				
2026-08-27 16:16	interp_gt_s1_n_s2_best_e2_sm1	bbox	0.03	0.5808	0.3323	0.7526	71	1000				
2026-08-27 16:16	interp_gt_s1_n_s2_best_e2_sm2	bbox	0.03	0.5882	0.3117	0.7542	71	1000				
2026-08-27 16:16	interp_gt_s1_n_s3_best_e3	bbox	0.04	0.5002	0.2089	0.6996	71	1000				
2026-08-27 16:16	interp_gt_s1_n_s3_best_e3_sm1	bbox	0.02	0.5184	0.2057	0.7105	71	1000				
2026-08-27 16:16	interp_gt_s1_n_s3_best_e3_sm2	bbox	0.02	0.5201	0.2020	0.7184	71	1000				
2026-08-27 16:16	kd_bfi_x_n_s1_best_e17	bbox	0.02	0.4694	0.2147	0.6592	71	1000				
2026-08-27 16:16	kd_bfi_x_n_s2_best_e21	bbox	0.02	0.5273	0.2624	0.7049	71	1000				
2026-08-27 16:16	kd_bfi_x_n_s3_best_e22	bbox	0.01	0.5150	0.2450	0.6915	71	1000				
2026-08-27 16:16	kd_interp_n_s2_best_e2	bbox	0.05	0.4985	0.2138	0.6768	71	1000				
2026-08-27 16:16	kd_interp_n_s3_best_e3	bbox	0.04	0.5214	0.2365	0.7014	71	1000				
2026-08-27 16:16	kd_t1_n_s1_best_e3	bbox	0.03	0.5047	0.2313	0.6664	71	1000				
2026-08-27 16:16	kd_t1_n_s2_best_e3	bbox	0.04	0.5241	0.2282	0.7123	71	1000				
2026-08-27 16:16	kd_t1_n_s3_best_e2	bbox	0.03	0.5397	0.2822	0.7013	71	1000				
2026-08-27 16:16	t1_nano_k025_t015_s1_n_s1_best_e3	bbox	0.03	0.5311	0.2602	0.6936	71	1000				
2026-08-27 16:16	t1_nano_k025_t024_s1_keepempty_n_s1_best_e2	bbox	0.02	0.5095	0.2380	0.6965	71	1000				
2026-08-27 16:16	t1_nano_k025_t024_s1_n_s1_best_e2	bbox	0.04	0.5269	0.2631	0.7090	71	1000				
2026-08-27 16:17	t1_nano_k025_t024_s1_n_s1_best_e2_img384	bbox	0.04	0.5045	0.2356	0.6786	71	1000				
2026-08-27 16:17	t1_nano_k025_t024_s1_n_s1_best_e2_img512	bbox	0.05	0.4905	0.2257	0.6925	71	1000				
2026-08-27 16:17	t1_nano_k025_t024_s1_n_s1_best_e2_sm1	bbox	0.02	0.5487	0.3071	0.7258	71	1000				
2026-08-27 16:17	t1_nano_k025_t024_s1_n_s1_best_e2_sm2	bbox	0.02	0.5514	0.2937	0.7266	71	1000				
2026-08-27 16:17	t1_nano_k025_t024_s1_n_s2_best_e2	bbox	0.10	0.5256	0.2482	0.7011	71	1000				
2026-08-27 16:17	t1_nano_k025_t024_s1_n_s2_best_e2_img384	bbox	0.06	0.5339	0.2319	0.7125	71	1000				
2026-08-27 16:17	t1_nano_k025_t024_s1_n_s2_best_e2_img512	bbox	0.08	0.5351	0.2389	0.7234	71	1000				
2026-08-27 16:17	t1_nano_k025_t024_s1_n_s2_best_e2_sm1	bbox	0.03	0.5671	0.2855	0.7316	71	1000				
2026-08-27 16:17	t1_nano_k025_t024_s1_n_s2_best_e2_sm2	bbox	0.02	0.5722	0.3317	0.7425	71	1000				
2026-08-27 16:17	t1_nano_k025_t024_s1_n_s3_best_e2	bbox	0.07	0.5438	0.2812	0.7179	71	1000				
2026-08-27 16:17	t1_nano_k025_t024_s1_n_s3_best_e2_img384	bbox	0.05	0.5504	0.2885	0.7108	71	1000				
2026-08-27 16:17	t1_nano_k025_t024_s1_n_s3_best_e2_img512	bbox	0.03	0.5485	0.2807	0.7278	71	1000				
2026-08-27 16:17	t1_nano_k025_t024_s1_n_s3_best_e2_sm1	bbox	0.03	0.5687	0.3166	0.7338	71	1000				
2026-08-27 16:17	t1_nano_k025_t024_s1_n_s3_best_e2_sm2	bbox	0.06	0.5624	0.2962	0.7460	71	1000				
2026-08-27 16:17	t1_nano_k025_t024_s1_noneg_n_s1_best_e4	bbox	0.04	0.5213	0.2458	0.7126	71	1000				
2026-08-27 16:17	t1_nano_k025_t024_s1_noneg_n_s2_best_e3	bbox	0.05	0.4848	0.2010	0.6576	71	1000				
2026-08-27 16:17	t1_nano_k025_t024_s1_noneg_n_s3_best_e3	bbox	0.05	0.5480	0.2874	0.7082	71	1000				
2026-08-27 16:17	t1_nano_k025_t024_s1_s_s1_best_e1	bbox	0.09	0.5825	0.3799	0.7352	71	1000				
2026-08-27 16:17	t1_nano_k025_t024_s1_s_s1_best_e1_img384	bbox	0.06	0.5662	0.3466	0.7155	71	1000				
2026-08-27 16:17	t1_nano_k025_t024_s1_s_s1_best_e1_img512	bbox	0.11	0.5754	0.3534	0.7457	71	1000				
2026-08-27 16:17	t1_nano_k025_t024_s1_s_s1_best_e1_sm1	bbox	0.07	0.6035	0.3878	0.7475	71	1000				
2026-08-27 16:17	t1_nano_k025_t024_s1_s_s1_best_e1_sm2	bbox	0.08	0.6103	0.3973	0.7556	71	1000				
2026-08-27 16:18	t1_nano_k025_t024_s1_s_s2_best_e1	bbox	0.11	0.5475	0.3160	0.7008	71	1000				
2026-08-27 16:18	t1_nano_k025_t024_s1_s_s2_best_e1_img384	bbox	0.15	0.5766	0.3347	0.7334	71	1000				
2026-08-27 16:18	t1_nano_k025_t024_s1_s_s2_best_e1_img512	bbox	0.11	0.5392	0.2970	0.6802	71	1000				
2026-08-27 16:18	t1_nano_k025_t024_s1_s_s2_best_e1_sm1	bbox	0.08	0.5643	0.3458	0.7119	71	1000				
2026-08-27 16:18	t1_nano_k025_t024_s1_s_s2_best_e1_sm2	bbox	0.09	0.5671	0.3424	0.7216	71	1000				
2026-08-27 16:18	t1_nano_k025_t024_s1_s_s3_best_e3	bbox	0.02	0.5401	0.2692	0.7200	71	1000				
2026-08-27 16:18	t1_nano_k025_t024_s1_s_s3_best_e3_img384	bbox	0.02	0.5564	0.3121	0.7100	71	1000				
2026-08-27 16:18	t1_nano_k025_t024_s1_s_s3_best_e3_img512	bbox	0.03	0.5498	0.2630	0.7207	71	1000				
2026-08-27 16:18	t1_nano_k025_t024_s1_s_s3_best_e3_sm1	bbox	0.01	0.5582	0.2975	0.7377	71	1000				
2026-08-27 16:18	t1_nano_k025_t024_s1_s_s3_best_e3_sm2	bbox	0.01	0.5612	0.3007	0.7291	71	1000				
2026-08-27 16:18	t1_nano_k025_t024_s2_n_s1_best_e3	bbox	0.14	0.5370	0.2631	0.7052	71	1000				
2026-08-27 16:18	t1_nano_k025_t024_s2_n_s2_best_e25	bbox	0.02	0.4955	0.2118	0.6780	71	1000				
2026-08-27 16:18	t1_nano_k025_t024_s2_n_s3_best_e2	bbox	0.11	0.5093	0.2535	0.6948	71	1000				
2026-08-27 16:18	t1_nano_k025_t024_s4_n_s1_best_e4	bbox	0.09	0.4666	0.1565	0.6885	71	1000				
2026-08-27 16:18	t1_nano_k025_t024_s4_n_s2_best_e10	bbox	0.01	0.5211	0.2409	0.6968	71	1000				
2026-08-27 16:18	t1_nano_k025_t024_s4_n_s3_best_e24	bbox	0.02	0.5453	0.2670	0.7181	71	1000				
2026-08-27 16:18	t1_nano_k025_t035_s1_n_s1_best_e2	bbox	0.03	0.5430	0.2707	0.7076	71	1000				
2026-08-27 16:18	t1_nano_k0_t024_s1_n_s1_best_e2	bbox	0.04	0.5119	0.2645	0.7017	71	1000				
2026-08-27 16:18	t1_nano_k0_t024_s1_n_s2_best_e2	bbox	0.03	0.4954	0.2421	0.6421	71	1000				
2026-08-27 16:18	t1_nano_k0_t024_s1_n_s3_best_e2	bbox	0.05	0.5365	0.2699	0.7010	71	1000				
2026-08-27 16:18	t1_nanoadd_k025_t024_s1_n_s1_best_e24	bbox	0.04	0.5406	0.2599	0.7137	71	1000				
2026-08-27 16:18	t1s1_ft_canon_bfi_n_s1_best_e1	bbox	0.05	0.4627	0.1700	0.6762	71	1000				
2026-08-27 16:19	t1s1_ftlow_canon_bfi_n_s1_best_e6	bbox	0.01	0.4944	0.2522	0.6822	71	1000				
2026-08-27 16:19	t1s2_ftlow_canon_bfi_n_s2_best_e5	bbox	0.03	0.5355	0.2654	0.7093	71	1000				
2026-08-27 16:19	t1s3_ftlow_canon_bfi_n_s3_best_e5	bbox	0.02	0.5095	0.2732	0.6766	71	1000				
2026-08-27 16:19	canon_n_sm1[pooled 3 seeds]	bbox		0.5276			71	1000	canon_n[pooled 3 seeds]	0.0273	0.0132	0.0453
2026-08-27 16:19	interp_n_sm1[pooled 3 seeds]	bbox		0.5291			71	1000	interp_n[pooled 3 seeds]	0.0217	0.0119	0.0307
2026-08-27 16:19	dense_n_sm1[pooled 3 seeds]	bbox		0.5615			71	1000	dense_n[pooled 3 seeds]	0.0294	0.0102	0.0519
2026-08-27 16:19	dense_s_sm1[pooled 3 seeds]	bbox		0.5755			71	1000	dense_s[pooled 3 seeds]	0.0186	0.0110	0.0270
2026-08-27 16:19	dense_n_sm1[pooled 3 seeds]	bbox		0.5615			71	1000	canon_n_sm1[pooled 3 seeds]	0.0340	-0.0287	0.0906
2026-08-27 17:32	canon_bfi_n_s1_best_e18	bbox_from_instance	0.03	0.4967	0.2605	0.6968	71	1000				
2026-08-27 17:32	canon_bfi_n_s1_best_e18_img384	bbox_from_instance	0.02	0.4900	0.2856	0.6581	71	1000				
2026-08-27 17:32	canon_bfi_n_s1_best_e18_img512	bbox_from_instance	0.03	0.4827	0.2537	0.6829	71	1000				
2026-08-27 17:32	canon_bfi_n_s1_best_e18_sm1	bbox_from_instance	0.02	0.5231	0.2835	0.7147	71	1000				
2026-08-27 17:32	canon_bfi_n_s1_best_e18_sm2	bbox_from_instance	0.02	0.5272	0.2929	0.7285	71	1000				
2026-08-27 17:32	canon_bfi_n_s2_best_e8	bbox_from_instance	0.04	0.5008	0.2567	0.6711	71	1000				
2026-08-27 17:32	canon_bfi_n_s2_best_e8_img384	bbox_from_instance	0.06	0.4882	0.2443	0.6709	71	1000				
2026-08-27 17:32	canon_bfi_n_s2_best_e8_img512	bbox_from_instance	0.08	0.4809	0.2304	0.6962	71	1000				
2026-08-27 17:32	canon_bfi_n_s2_best_e8_sm1	bbox_from_instance	0.02	0.5260	0.2938	0.6901	71	1000				
2026-08-27 17:32	canon_bfi_n_s2_best_e8_sm2	bbox_from_instance	0.01	0.5242	0.2972	0.6912	71	1000				
2026-08-27 17:32	canon_bfi_n_s3_best_e22	bbox_from_instance	0.04	0.4525	0.1904	0.6935	71	1000				
2026-08-27 17:33	canon_bfi_n_s3_best_e22_img384	bbox_from_instance	0.06	0.4749	0.2222	0.6876	71	1000				
2026-08-27 17:33	canon_bfi_n_s3_best_e22_img512	bbox_from_instance	0.06	0.4500	0.2059	0.6699	71	1000				
2026-08-27 17:33	canon_bfi_n_s3_best_e22_sm1	bbox_from_instance	0.03	0.4709	0.2077	0.7203	71	1000				
2026-08-27 17:33	canon_bfi_n_s3_best_e22_sm2	bbox_from_instance	0.04	0.4712	0.1930	0.7143	71	1000				
2026-08-27 17:33	canon_bfi_s_s1_best_e1	bbox_from_instance	0.05	0.5550	0.3505	0.7079	71	1000				
2026-08-27 17:33	canon_bfi_s_s1_best_e1_img384	bbox_from_instance	0.05	0.5229	0.3292	0.6489	71	1000				
2026-08-27 17:33	canon_bfi_s_s1_best_e1_img512	bbox_from_instance	0.05	0.5452	0.3297	0.6922	71	1000				
2026-08-27 17:33	canon_bfi_s_s2_best_e25	bbox_from_instance	0.01	0.4530	0.2115	0.6767	71	1000				
2026-08-27 17:33	canon_bfi_s_s2_best_e25_img384	bbox_from_instance	0.01	0.4705	0.2319	0.6638	71	1000				
2026-08-27 17:33	canon_bfi_s_s2_best_e25_img512	bbox_from_instance	0.03	0.4746	0.2106	0.6792	71	1000				
2026-08-27 17:33	canon_bfi_s_s3_best_e17	bbox_from_instance	0.03	0.4301	0.1371	0.6736	71	1000				
2026-08-27 17:33	canon_bfi_s_s3_best_e17_img384	bbox_from_instance	0.07	0.4537	0.1683	0.6474	71	1000				
2026-08-27 17:33	canon_bfi_s_s3_best_e17_img512	bbox_from_instance	0.07	0.4337	0.1482	0.6774	71	1000				
2026-08-27 17:33	h50_interp_n_s1_best_e6	bbox_from_instance	0.03	0.3878	0.1223	0.6533	71	1000				
2026-08-27 17:33	h50_interp_n_s2_best_e4	bbox_from_instance	0.03	0.3938	0.1221	0.6453	71	1000				
2026-08-27 17:33	h50_interp_n_s3_best_e6	bbox_from_instance	0.01	0.4103	0.1449	0.6405	71	1000				
2026-08-27 17:33	h50_sparse_n_s1_best_e35	bbox_from_instance	0.02	0.4133	0.1450	0.6558	71	1000				
2026-08-27 17:33	h50_sparse_n_s2_best_e24	bbox_from_instance	0.02	0.4189	0.1488	0.6454	71	1000				
2026-08-27 17:33	h50_sparse_n_s3_best_e31	bbox_from_instance	0.04	0.3391	0.0756	0.6224	71	1000				
2026-08-27 17:33	interp_gt_s1_n_s1_best_e2	bbox_from_instance	0.05	0.4713	0.1986	0.6563	71	1000				
2026-08-27 17:33	interp_gt_s1_n_s1_best_e2_sm1	bbox_from_instance	0.03	0.4994	0.2134	0.7034	71	1000				
2026-08-27 17:33	interp_gt_s1_n_s1_best_e2_sm2	bbox_from_instance	0.03	0.5041	0.2036	0.6986	71	1000				
2026-08-27 17:33	interp_gt_s1_n_s2_best_e2	bbox_from_instance	0.07	0.5518	0.2827	0.7378	71	1000				
2026-08-27 17:33	interp_gt_s1_n_s2_best_e2_sm1	bbox_from_instance	0.03	0.5823	0.3212	0.7463	71	1000				
2026-08-27 17:33	interp_gt_s1_n_s2_best_e2_sm2	bbox_from_instance	0.03	0.5905	0.3141	0.7607	71	1000				
2026-08-27 17:33	interp_gt_s1_n_s3_best_e3	bbox_from_instance	0.03	0.4987	0.2254	0.6965	71	1000				
2026-08-27 17:34	interp_gt_s1_n_s3_best_e3_sm1	bbox_from_instance	0.03	0.5194	0.2351	0.7320	71	1000				
2026-08-27 17:34	interp_gt_s1_n_s3_best_e3_sm2	bbox_from_instance	0.03	0.5237	0.2287	0.7193	71	1000				
2026-08-27 17:34	kd_bfi_x_n_s1_best_e17	bbox_from_instance	0.02	0.4609	0.1976	0.6800	71	1000				
2026-08-27 17:34	kd_bfi_x_n_s2_best_e21	bbox_from_instance	0.02	0.4889	0.2269	0.6998	71	1000				
2026-08-27 17:34	kd_bfi_x_n_s3_best_e22	bbox_from_instance	0.02	0.4918	0.2148	0.6882	71	1000				
2026-08-27 17:34	kd_interp_n_s2_best_e2	bbox_from_instance	0.04	0.5005	0.2177	0.6757	71	1000				
2026-08-27 17:34	kd_interp_n_s3_best_e3	bbox_from_instance	0.03	0.5015	0.2556	0.6787	71	1000				
2026-08-27 17:34	kd_t1_n_s1_best_e3	bbox_from_instance	0.03	0.4945	0.2324	0.6547	71	1000				
2026-08-27 17:34	kd_t1_n_s2_best_e3	bbox_from_instance	0.04	0.5051	0.2399	0.7115	71	1000				
2026-08-27 17:34	kd_t1_n_s3_best_e2	bbox_from_instance	0.03	0.5351	0.2750	0.7033	71	1000				
2026-08-27 17:34	t1_nano_k025_t015_s1_n_s1_best_e3	bbox_from_instance	0.03	0.5256	0.3037	0.6915	71	1000				
2026-08-27 17:34	t1_nano_k025_t024_s1_keepempty_n_s1_best_e2	bbox_from_instance	0.02	0.5064	0.2570	0.6887	71	1000				
2026-08-27 17:34	t1_nano_k025_t024_s1_n_s1_best_e2	bbox_from_instance	0.04	0.5130	0.2560	0.7066	71	1000				
2026-08-27 17:34	t1_nano_k025_t024_s1_n_s1_best_e2_img384	bbox_from_instance	0.04	0.4976	0.2410	0.6829	71	1000				
2026-08-27 17:34	t1_nano_k025_t024_s1_n_s1_best_e2_img512	bbox_from_instance	0.05	0.4945	0.2552	0.6976	71	1000				
2026-08-27 17:34	t1_nano_k025_t024_s1_n_s1_best_e2_sm1	bbox_from_instance	0.02	0.5337	0.2843	0.7191	71	1000				
2026-08-27 17:34	t1_nano_k025_t024_s1_n_s1_best_e2_sm2	bbox_from_instance	0.02	0.5365	0.2914	0.7154	71	1000				
2026-08-27 17:34	t1_nano_k025_t024_s1_n_s2_best_e2	bbox_from_instance	0.06	0.5274	0.2791	0.7095	71	1000				
2026-08-27 17:34	t1_nano_k025_t024_s1_n_s2_best_e2_img384	bbox_from_instance	0.08	0.5276	0.2764	0.7159	71	1000				
2026-08-27 17:34	t1_nano_k025_t024_s1_n_s2_best_e2_img512	bbox_from_instance	0.08	0.5307	0.2673	0.7307	71	1000				
2026-08-27 17:34	t1_nano_k025_t024_s1_n_s2_best_e2_sm1	bbox_from_instance	0.03	0.5650	0.3057	0.7327	71	1000				
2026-08-27 17:34	t1_nano_k025_t024_s1_n_s2_best_e2_sm2	bbox_from_instance	0.03	0.5696	0.3249	0.7473	71	1000				
2026-08-27 17:34	t1_nano_k025_t024_s1_n_s3_best_e2	bbox_from_instance	0.07	0.5520	0.2843	0.7387	71	1000				
2026-08-27 17:34	t1_nano_k025_t024_s1_n_s3_best_e2_img384	bbox_from_instance	0.05	0.5545	0.3035	0.7283	71	1000				
2026-08-27 17:35	t1_nano_k025_t024_s1_n_s3_best_e2_img512	bbox_from_instance	0.05	0.5465	0.2820	0.7187	71	1000				
2026-08-27 17:35	t1_nano_k025_t024_s1_n_s3_best_e2_sm1	bbox_from_instance	0.05	0.5730	0.2908	0.7396	71	1000				
2026-08-27 17:35	t1_nano_k025_t024_s1_n_s3_best_e2_sm2	bbox_from_instance	0.06	0.5732	0.2981	0.7469	71	1000				
2026-08-27 17:35	t1_nano_k025_t024_s1_noneg_n_s1_best_e4	bbox_from_instance	0.04	0.4994	0.2225	0.6873	71	1000				
2026-08-27 17:35	t1_nano_k025_t024_s1_noneg_n_s2_best_e3	bbox_from_instance	0.05	0.4671	0.2051	0.6733	71	1000				
2026-08-27 17:35	t1_nano_k025_t024_s1_noneg_n_s3_best_e3	bbox_from_instance	0.05	0.5380	0.2808	0.7039	71	1000				
2026-08-27 17:35	t1_nano_k025_t024_s1_s_s1_best_e1	bbox_from_instance	0.09	0.5670	0.3777	0.7211	71	1000				
2026-08-27 17:35	t1_nano_k025_t024_s1_s_s1_best_e1_img384	bbox_from_instance	0.06	0.5900	0.3860	0.7362	71	1000				
2026-08-27 17:35	t1_nano_k025_t024_s1_s_s1_best_e1_img512	bbox_from_instance	0.11	0.5803	0.3776	0.7371	71	1000				
2026-08-27 17:35	t1_nano_k025_t024_s1_s_s1_best_e1_sm1	bbox_from_instance	0.07	0.5909	0.4110	0.7437	71	1000				
2026-08-27 17:35	t1_nano_k025_t024_s1_s_s1_best_e1_sm2	bbox_from_instance	0.08	0.5974	0.4062	0.7517	71	1000				
2026-08-27 17:35	t1_nano_k025_t024_s1_s_s2_best_e1	bbox_from_instance	0.09	0.5371	0.3270	0.6898	71	1000				
2026-08-27 17:35	t1_nano_k025_t024_s1_s_s2_best_e1_img384	bbox_from_instance	0.11	0.5764	0.3706	0.7235	71	1000				
2026-08-27 17:35	t1_nano_k025_t024_s1_s_s2_best_e1_img512	bbox_from_instance	0.10	0.5268	0.3219	0.6560	71	1000				
2026-08-27 17:35	t1_nano_k025_t024_s1_s_s2_best_e1_sm1	bbox_from_instance	0.05	0.5526	0.3256	0.6948	71	1000				
2026-08-27 17:35	t1_nano_k025_t024_s1_s_s2_best_e1_sm2	bbox_from_instance	0.06	0.5558	0.3368	0.6962	71	1000				
2026-08-27 17:35	t1_nano_k025_t024_s1_s_s3_best_e3	bbox_from_instance	0.01	0.5455	0.3023	0.7202	71	1000				
2026-08-27 17:35	t1_nano_k025_t024_s1_s_s3_best_e3_img384	bbox_from_instance	0.02	0.5667	0.3304	0.7244	71	1000				
2026-08-27 17:35	t1_nano_k025_t024_s1_s_s3_best_e3_img512	bbox_from_instance	0.02	0.5515	0.2894	0.7212	71	1000				
2026-08-27 17:35	t1_nano_k025_t024_s1_s_s3_best_e3_sm1	bbox_from_instance	0.01	0.5680	0.3208	0.7284	71	1000				
2026-08-27 17:35	t1_nano_k025_t024_s1_s_s3_best_e3_sm2	bbox_from_instance	0.01	0.5720	0.3329	0.7428	71	1000				
2026-08-27 17:35	t1_nano_k025_t024_s2_n_s1_best_e3	bbox_from_instance	0.13	0.5336	0.2803	0.7058	71	1000				
2026-08-27 17:35	t1_nano_k025_t024_s2_n_s2_best_e25	bbox_from_instance	0.02	0.4844	0.2151	0.6848	71	1000				
2026-08-27 17:36	t1_nano_k025_t024_s2_n_s3_best_e2	bbox_from_instance	0.06	0.5414	0.3117	0.7079	71	1000				
2026-08-27 17:36	t1_nano_k025_t024_s4_n_s1_best_e4	bbox_from_instance	0.07	0.4655	0.1974	0.6790	71	1000				
2026-08-27 17:36	t1_nano_k025_t024_s4_n_s2_best_e10	bbox_from_instance	0.01	0.5159	0.2847	0.6940	71	1000				
2026-08-27 17:36	t1_nano_k025_t024_s4_n_s3_best_e24	bbox_from_instance	0.03	0.5444	0.2850	0.7328	71	1000				
2026-08-27 17:36	t1_nano_k025_t035_s1_n_s1_best_e2	bbox_from_instance	0.03	0.5351	0.2896	0.6914	71	1000				
2026-08-27 17:36	t1_nano_k0_t024_s1_n_s1_best_e2	bbox_from_instance	0.04	0.4966	0.2366	0.6881	71	1000				
2026-08-27 17:36	t1_nano_k0_t024_s1_n_s2_best_e2	bbox_from_instance	0.03	0.4912	0.2500	0.6643	71	1000				
2026-08-27 17:36	t1_nano_k0_t024_s1_n_s3_best_e2	bbox_from_instance	0.05	0.5468	0.2858	0.7135	71	1000				
2026-08-27 17:36	t1_nanoadd_k025_t024_s1_n_s1_best_e24	bbox_from_instance	0.04	0.5402	0.2847	0.7197	71	1000				
2026-08-27 17:36	t1s1_ft_canon_bfi_n_s1_best_e1	bbox_from_instance	0.05	0.4451	0.1920	0.6665	71	1000				
2026-08-27 17:36	t1s1_ftlow_canon_bfi_n_s1_best_e6	bbox_from_instance	0.01	0.4803	0.2587	0.6978	71	1000				
2026-08-27 17:36	t1s2_ftlow_canon_bfi_n_s2_best_e5	bbox_from_instance	0.03	0.5134	0.2743	0.6946	71	1000				
2026-08-27 17:36	t1s3_ftlow_canon_bfi_n_s3_best_e5	bbox_from_instance	0.02	0.5218	0.2950	0.7013	71	1000				
2026-08-27 17:36	h50_interp_n[pooled 3 seeds]	bbox_from_instance		0.3975			71	1000	h50_sparse_n[pooled 3 seeds]	0.0056	-0.0424	0.0389
2026-08-27 17:36	h50_sparse_n[pooled 3 seeds]	bbox_from_instance		0.3919			71	1000	canon_n[pooled 3 seeds]	-0.0917	-0.2788	0.0130
2026-08-27 17:36	canon_bfi_n_s1_best_e18	bbox	0.03	0.5198	0.2941	0.7097	71	1000				
2026-08-27 17:36	canon_bfi_n_s1_best_e18_img384	bbox	0.02	0.5272	0.2860	0.6853	71	1000				
2026-08-27 17:36	canon_bfi_n_s1_best_e18_img512	bbox	0.03	0.5099	0.2791	0.7009	71	1000				
2026-08-27 17:36	canon_bfi_n_s1_best_e18_sm1	bbox	0.01	0.5574	0.3263	0.7320	71	1000				
2026-08-27 17:36	canon_bfi_n_s1_best_e18_sm2	bbox	0.01	0.5633	0.3403	0.7373	71	1000				
2026-08-27 17:36	canon_bfi_n_s2_best_e8	bbox	0.06	0.5177	0.2393	0.6892	71	1000				
2026-08-27 17:36	canon_bfi_n_s2_best_e8_img384	bbox	0.05	0.5181	0.2506	0.6839	71	1000				
2026-08-27 17:36	canon_bfi_n_s2_best_e8_img512	bbox	0.08	0.5000	0.2276	0.6884	71	1000				
2026-08-27 17:36	canon_bfi_n_s2_best_e8_sm1	bbox	0.02	0.5430	0.2665	0.7076	71	1000				
2026-08-27 17:36	canon_bfi_n_s2_best_e8_sm2	bbox	0.02	0.5493	0.2612	0.7167	71	1000				
2026-08-27 17:36	canon_bfi_n_s3_best_e22	bbox	0.04	0.4631	0.1975	0.6865	71	1000				
2026-08-27 17:36	canon_bfi_n_s3_best_e22_img384	bbox	0.04	0.5147	0.2564	0.6928	71	1000				
2026-08-27 17:36	canon_bfi_n_s3_best_e22_img512	bbox	0.06	0.4741	0.2237	0.6868	71	1000				
2026-08-27 17:37	canon_bfi_n_s3_best_e22_sm1	bbox	0.03	0.4804	0.2086	0.7052	71	1000				
2026-08-27 17:37	canon_bfi_n_s3_best_e22_sm2	bbox	0.05	0.4792	0.2030	0.7142	71	1000				
2026-08-27 17:37	canon_bfi_s_s1_best_e1	bbox	0.07	0.5470	0.2979	0.7198	71	1000				
2026-08-27 17:37	canon_bfi_s_s1_best_e1_img384	bbox	0.05	0.5032	0.3022	0.6457	71	1000				
2026-08-27 17:37	canon_bfi_s_s1_best_e1_img512	bbox	0.05	0.5341	0.2728	0.7004	71	1000				
2026-08-27 17:37	canon_bfi_s_s2_best_e25	bbox	0.02	0.4821	0.2213	0.6796	71	1000				
2026-08-27 17:37	canon_bfi_s_s2_best_e25_img384	bbox	0.01	0.4958	0.2464	0.6706	71	1000				
2026-08-27 17:37	canon_bfi_s_s2_best_e25_img512	bbox	0.03	0.5064	0.2304	0.7039	71	1000				
2026-08-27 17:37	canon_bfi_s_s3_best_e17	bbox	0.03	0.4663	0.1715	0.6718	71	1000				
2026-08-27 17:37	canon_bfi_s_s3_best_e17_img384	bbox	0.07	0.4856	0.1751	0.6724	71	1000				
2026-08-27 17:37	canon_bfi_s_s3_best_e17_img512	bbox	0.08	0.4697	0.1739	0.7015	71	1000				
2026-08-27 17:37	h50_interp_n_s1_best_e6	bbox	0.03	0.4115	0.1074	0.6688	71	1000				
2026-08-27 17:37	h50_interp_n_s2_best_e4	bbox	0.03	0.4178	0.1207	0.6468	71	1000				
2026-08-27 17:37	h50_interp_n_s3_best_e6	bbox	0.06	0.3969	0.1082	0.6444	71	1000				
2026-08-27 17:37	h50_sparse_n_s1_best_e35	bbox	0.02	0.4251	0.1442	0.6534	71	1000				
2026-08-27 17:37	h50_sparse_n_s2_best_e24	bbox	0.02	0.4392	0.1496	0.6678	71	1000				
2026-08-27 17:37	h50_sparse_n_s3_best_e31	bbox	0.04	0.3756	0.0726	0.6408	71	1000				
2026-08-27 17:37	interp_gt_s1_n_s1_best_e2	bbox	0.05	0.4678	0.1719	0.6687	71	1000				
2026-08-27 17:37	interp_gt_s1_n_s1_best_e2_sm1	bbox	0.04	0.4872	0.1911	0.6872	71	1000				
2026-08-27 17:37	interp_gt_s1_n_s1_best_e2_sm2	bbox	0.03	0.4929	0.2009	0.6847	71	1000				
2026-08-27 17:37	interp_gt_s1_n_s2_best_e2	bbox	0.07	0.5552	0.2738	0.7355	71	1000				
2026-08-27 17:37	interp_gt_s1_n_s2_best_e2_sm1	bbox	0.03	0.5808	0.3087	0.7392	71	1000				
2026-08-27 17:37	interp_gt_s1_n_s2_best_e2_sm2	bbox	0.03	0.5882	0.3092	0.7604	71	1000				
2026-08-27 17:37	interp_gt_s1_n_s3_best_e3	bbox	0.04	0.5002	0.2194	0.6945	71	1000				
2026-08-27 17:37	interp_gt_s1_n_s3_best_e3_sm1	bbox	0.02	0.5184	0.2198	0.7094	71	1000				
2026-08-27 17:37	interp_gt_s1_n_s3_best_e3_sm2	bbox	0.02	0.5201	0.2350	0.7074	71	1000				
2026-08-27 17:37	kd_bfi_x_n_s1_best_e17	bbox	0.02	0.4694	0.2039	0.6602	71	1000				
2026-08-27 17:37	kd_bfi_x_n_s2_best_e21	bbox	0.02	0.5273	0.2580	0.7173	71	1000				
2026-08-27 17:37	kd_bfi_x_n_s3_best_e22	bbox	0.01	0.5150	0.2563	0.6886	71	1000				
2026-08-27 17:37	kd_interp_n_s2_best_e2	bbox	0.05	0.4985	0.1886	0.6841	71	1000				
2026-08-27 17:37	kd_interp_n_s3_best_e3	bbox	0.04	0.5214	0.2332	0.6937	71	1000				
2026-08-27 17:38	kd_t1_n_s1_best_e3	bbox	0.03	0.5047	0.2466	0.6684	71	1000				
2026-08-27 17:38	kd_t1_n_s2_best_e3	bbox	0.04	0.5241	0.2247	0.7203	71	1000				
2026-08-27 17:38	kd_t1_n_s3_best_e2	bbox	0.03	0.5397	0.2661	0.7026	71	1000				
2026-08-27 17:38	t1_nano_k025_t015_s1_n_s1_best_e3	bbox	0.03	0.5311	0.2440	0.7071	71	1000				
2026-08-27 17:38	t1_nano_k025_t024_s1_keepempty_n_s1_best_e2	bbox	0.02	0.5095	0.2466	0.6961	71	1000				
2026-08-27 17:38	t1_nano_k025_t024_s1_n_s1_best_e2	bbox	0.04	0.5269	0.2566	0.6989	71	1000				
2026-08-27 17:38	t1_nano_k025_t024_s1_n_s1_best_e2_img384	bbox	0.04	0.5045	0.2646	0.6876	71	1000				
2026-08-27 17:38	t1_nano_k025_t024_s1_n_s1_best_e2_img512	bbox	0.05	0.4905	0.2303	0.6901	71	1000				
2026-08-27 17:38	t1_nano_k025_t024_s1_n_s1_best_e2_sm1	bbox	0.02	0.5487	0.2857	0.7116	71	1000				
2026-08-27 17:38	t1_nano_k025_t024_s1_n_s1_best_e2_sm2	bbox	0.02	0.5514	0.2806	0.7315	71	1000				
2026-08-27 17:38	t1_nano_k025_t024_s1_n_s2_best_e2	bbox	0.10	0.5256	0.2445	0.6955	71	1000				
2026-08-27 17:38	t1_nano_k025_t024_s1_n_s2_best_e2_img384	bbox	0.06	0.5339	0.2696	0.7115	71	1000				
2026-08-27 17:38	t1_nano_k025_t024_s1_n_s2_best_e2_img512	bbox	0.08	0.5351	0.2442	0.7329	71	1000				
2026-08-27 17:38	t1_nano_k025_t024_s1_n_s2_best_e2_sm1	bbox	0.03	0.5671	0.2732	0.7346	71	1000				
2026-08-27 17:38	t1_nano_k025_t024_s1_n_s2_best_e2_sm2	bbox	0.02	0.5722	0.2944	0.7359	71	1000				
2026-08-27 17:38	t1_nano_k025_t024_s1_n_s3_best_e2	bbox	0.07	0.5438	0.2930	0.7364	71	1000				
2026-08-27 17:38	t1_nano_k025_t024_s1_n_s3_best_e2_img384	bbox	0.05	0.5504	0.2782	0.7284	71	1000				
2026-08-27 17:38	t1_nano_k025_t024_s1_n_s3_best_e2_img512	bbox	0.03	0.5485	0.2914	0.7231	71	1000				
2026-08-27 17:38	t1_nano_k025_t024_s1_n_s3_best_e2_sm1	bbox	0.03	0.5687	0.3051	0.7367	71	1000				
2026-08-27 17:38	t1_nano_k025_t024_s1_n_s3_best_e2_sm2	bbox	0.06	0.5624	0.2762	0.7387	71	1000				
2026-08-27 17:38	t1_nano_k025_t024_s1_noneg_n_s1_best_e4	bbox	0.04	0.5213	0.2302	0.7027	71	1000				
2026-08-27 17:38	t1_nano_k025_t024_s1_noneg_n_s2_best_e3	bbox	0.05	0.4848	0.2073	0.6657	71	1000				
2026-08-27 17:38	t1_nano_k025_t024_s1_noneg_n_s3_best_e3	bbox	0.05	0.5480	0.2833	0.7168	71	1000				
2026-08-27 17:38	t1_nano_k025_t024_s1_s_s1_best_e1	bbox	0.09	0.5825	0.3543	0.7241	71	1000				
2026-08-27 17:38	t1_nano_k025_t024_s1_s_s1_best_e1_img384	bbox	0.06	0.5662	0.3607	0.7296	71	1000				
2026-08-27 17:38	t1_nano_k025_t024_s1_s_s1_best_e1_img512	bbox	0.11	0.5754	0.3600	0.7430	71	1000				
2026-08-27 17:38	t1_nano_k025_t024_s1_s_s1_best_e1_sm1	bbox	0.07	0.6035	0.3932	0.7418	71	1000				
2026-08-27 17:38	t1_nano_k025_t024_s1_s_s1_best_e1_sm2	bbox	0.08	0.6103	0.4027	0.7408	71	1000				
2026-08-27 17:39	t1_nano_k025_t024_s1_s_s2_best_e1	bbox	0.11	0.5475	0.3211	0.7055	71	1000				
2026-08-27 17:39	t1_nano_k025_t024_s1_s_s2_best_e1_img384	bbox	0.15	0.5766	0.3392	0.7324	71	1000				
2026-08-27 17:39	t1_nano_k025_t024_s1_s_s2_best_e1_img512	bbox	0.11	0.5392	0.3170	0.6889	71	1000				
2026-08-27 17:39	t1_nano_k025_t024_s1_s_s2_best_e1_sm1	bbox	0.08	0.5643	0.3229	0.7181	71	1000				
2026-08-27 17:39	t1_nano_k025_t024_s1_s_s2_best_e1_sm2	bbox	0.09	0.5671	0.3453	0.7151	71	1000				
2026-08-27 17:39	t1_nano_k025_t024_s1_s_s3_best_e3	bbox	0.02	0.5401	0.2695	0.7285	71	1000				
2026-08-27 17:39	t1_nano_k025_t024_s1_s_s3_best_e3_img384	bbox	0.02	0.5564	0.3035	0.7120	71	1000				
2026-08-27 17:39	t1_nano_k025_t024_s1_s_s3_best_e3_img512	bbox	0.03	0.5498	0.2766	0.7248	71	1000				
2026-08-27 17:39	t1_nano_k025_t024_s1_s_s3_best_e3_sm1	bbox	0.01	0.5582	0.3050	0.7323	71	1000				
2026-08-27 17:39	t1_nano_k025_t024_s1_s_s3_best_e3_sm2	bbox	0.01	0.5612	0.3260	0.7352	71	1000				
2026-08-27 17:39	t1_nano_k025_t024_s2_n_s1_best_e3	bbox	0.14	0.5370	0.2539	0.7020	71	1000				
2026-08-27 17:39	t1_nano_k025_t024_s2_n_s2_best_e25	bbox	0.02	0.4955	0.2300	0.6752	71	1000				
2026-08-27 17:39	t1_nano_k025_t024_s2_n_s3_best_e2	bbox	0.11	0.5093	0.2477	0.6973	71	1000				
2026-08-27 17:39	t1_nano_k025_t024_s4_n_s1_best_e4	bbox	0.09	0.4666	0.1794	0.6826	71	1000				
2026-08-27 17:39	t1_nano_k025_t024_s4_n_s2_best_e10	bbox	0.01	0.5211	0.2459	0.7009	71	1000				
2026-08-27 17:39	t1_nano_k025_t024_s4_n_s3_best_e24	bbox	0.02	0.5453	0.2756	0.7086	71	1000				
2026-08-27 17:39	t1_nano_k025_t035_s1_n_s1_best_e2	bbox	0.03	0.5430	0.2681	0.7110	71	1000				
2026-08-27 17:39	t1_nano_k0_t024_s1_n_s1_best_e2	bbox	0.04	0.5119	0.2482	0.7069	71	1000				
2026-08-27 17:39	t1_nano_k0_t024_s1_n_s2_best_e2	bbox	0.03	0.4954	0.2352	0.6562	71	1000				
2026-08-27 17:39	t1_nano_k0_t024_s1_n_s3_best_e2	bbox	0.05	0.5365	0.2557	0.7002	71	1000				
2026-08-27 17:39	t1_nanoadd_k025_t024_s1_n_s1_best_e24	bbox	0.04	0.5406	0.2563	0.7251	71	1000				
2026-08-27 17:39	t1s1_ft_canon_bfi_n_s1_best_e1	bbox	0.05	0.4627	0.1756	0.6803	71	1000				
2026-08-27 17:39	t1s1_ftlow_canon_bfi_n_s1_best_e6	bbox	0.01	0.4944	0.2543	0.6878	71	1000				
2026-08-27 17:39	t1s2_ftlow_canon_bfi_n_s2_best_e5	bbox	0.03	0.5355	0.2575	0.7021	71	1000				
2026-08-27 17:39	t1s3_ftlow_canon_bfi_n_s3_best_e5	bbox	0.02	0.5095	0.2776	0.6691	71	1000				
2026-08-27 17:39	h50_interp_n[pooled 3 seeds]	bbox		0.4088			71	1000	h50_sparse_n[pooled 3 seeds]	-0.0055	-0.0475	0.0240
2026-08-27 17:39	h50_sparse_n[pooled 3 seeds]	bbox		0.4143			71	1000	canon_n[pooled 3 seeds]	-0.0860	-0.2900	0.0308
2026-08-27 21:32	canon_bfi_n_s1_best_e18	bbox_from_instance	0.03	0.4967	0.2605	0.6968	71	1000				
2026-08-27 21:32	canon_bfi_n_s1_best_e18_img384	bbox_from_instance	0.02	0.4900	0.2856	0.6581	71	1000				
2026-08-27 21:32	canon_bfi_n_s1_best_e18_img512	bbox_from_instance	0.03	0.4827	0.2537	0.6829	71	1000				
2026-08-27 21:32	canon_bfi_n_s1_best_e18_sm1	bbox_from_instance	0.02	0.5231	0.2835	0.7147	71	1000				
2026-08-27 21:32	canon_bfi_n_s1_best_e18_sm2	bbox_from_instance	0.02	0.5272	0.2929	0.7285	71	1000				
2026-08-27 21:32	canon_bfi_n_s2_best_e8	bbox_from_instance	0.04	0.5008	0.2567	0.6711	71	1000				
2026-08-27 21:32	canon_bfi_n_s2_best_e8_img384	bbox_from_instance	0.06	0.4882	0.2443	0.6709	71	1000				
2026-08-27 21:32	canon_bfi_n_s2_best_e8_img512	bbox_from_instance	0.08	0.4809	0.2304	0.6962	71	1000				
2026-08-27 21:32	canon_bfi_n_s2_best_e8_sm1	bbox_from_instance	0.02	0.5260	0.2938	0.6901	71	1000				
2026-08-27 21:32	canon_bfi_n_s2_best_e8_sm2	bbox_from_instance	0.01	0.5242	0.2972	0.6912	71	1000				
2026-08-27 21:32	canon_bfi_n_s3_best_e22	bbox_from_instance	0.04	0.4525	0.1904	0.6935	71	1000				
2026-08-27 21:32	canon_bfi_n_s3_best_e22_img384	bbox_from_instance	0.06	0.4749	0.2222	0.6876	71	1000				
2026-08-27 21:32	canon_bfi_n_s3_best_e22_img512	bbox_from_instance	0.06	0.4500	0.2059	0.6699	71	1000				
2026-08-27 21:33	canon_bfi_n_s3_best_e22_sm1	bbox_from_instance	0.03	0.4709	0.2077	0.7203	71	1000				
2026-08-27 21:33	canon_bfi_n_s3_best_e22_sm2	bbox_from_instance	0.04	0.4712	0.1930	0.7143	71	1000				
2026-08-27 21:33	canon_bfi_s_s1_best_e1	bbox_from_instance	0.05	0.5550	0.3505	0.7079	71	1000				
2026-08-27 21:33	canon_bfi_s_s1_best_e1_img384	bbox_from_instance	0.05	0.5229	0.3292	0.6489	71	1000				
2026-08-27 21:33	canon_bfi_s_s1_best_e1_img512	bbox_from_instance	0.05	0.5452	0.3297	0.6922	71	1000				
2026-08-27 21:33	canon_bfi_s_s2_best_e25	bbox_from_instance	0.01	0.4530	0.2115	0.6767	71	1000				
2026-08-27 21:33	canon_bfi_s_s2_best_e25_img384	bbox_from_instance	0.01	0.4705	0.2319	0.6638	71	1000				
2026-08-27 21:33	canon_bfi_s_s2_best_e25_img512	bbox_from_instance	0.03	0.4746	0.2106	0.6792	71	1000				
2026-08-27 21:33	canon_bfi_s_s3_best_e17	bbox_from_instance	0.03	0.4301	0.1371	0.6736	71	1000				
2026-08-27 21:33	canon_bfi_s_s3_best_e17_img384	bbox_from_instance	0.07	0.4537	0.1683	0.6474	71	1000				
2026-08-27 21:33	canon_bfi_s_s3_best_e17_img512	bbox_from_instance	0.07	0.4337	0.1482	0.6774	71	1000				
2026-08-27 21:33	h50_interp_n_s1_best_e6	bbox_from_instance	0.03	0.3878	0.1223	0.6533	71	1000				
2026-08-27 21:33	h50_interp_n_s2_best_e4	bbox_from_instance	0.03	0.3938	0.1221	0.6453	71	1000				
2026-08-27 21:33	h50_interp_n_s3_best_e6	bbox_from_instance	0.01	0.4103	0.1449	0.6405	71	1000				
2026-08-27 21:33	h50_interp_negall_n_s1_best_e3	bbox_from_instance	0.08	0.3817	0.1207	0.6499	71	1000				
2026-08-27 21:33	h50_interp_negall_n_s2_best_e3	bbox_from_instance	0.04	0.4200	0.1638	0.6364	71	1000				
2026-08-27 21:33	h50_interp_negall_n_s3_best_e3	bbox_from_instance	0.07	0.3548	0.1146	0.6051	71	1000				
2026-08-27 21:33	h50_interp_s_s1_best_e2	bbox_from_instance	0.02	0.4308	0.1894	0.6495	71	1000				
2026-08-27 21:33	h50_sparse_n_s1_best_e35	bbox_from_instance	0.02	0.4133	0.1646	0.6432	71	1000				
2026-08-27 21:33	h50_sparse_n_s2_best_e24	bbox_from_instance	0.02	0.4189	0.1395	0.6407	71	1000				
2026-08-27 21:33	h50_sparse_n_s3_best_e31	bbox_from_instance	0.04	0.3391	0.0728	0.6243	71	1000				
2026-08-27 21:33	h50_sparse_s_s1_best_e9	bbox_from_instance	0.01	0.3747	0.1263	0.5677	71	1000				
2026-08-27 21:33	interp_gt_s1_n_s1_best_e2	bbox_from_instance	0.05	0.4713	0.1789	0.6644	71	1000				
2026-08-27 21:33	interp_gt_s1_n_s1_best_e2_sm1	bbox_from_instance	0.03	0.4994	0.2268	0.7107	71	1000				
2026-08-27 21:33	interp_gt_s1_n_s1_best_e2_sm2	bbox_from_instance	0.03	0.5041	0.2221	0.7213	71	1000				
2026-08-27 21:33	interp_gt_s1_n_s2_best_e2	bbox_from_instance	0.07	0.5518	0.2721	0.7367	71	1000				
2026-08-27 21:33	interp_gt_s1_n_s2_best_e2_sm1	bbox_from_instance	0.03	0.5823	0.3246	0.7544	71	1000				
2026-08-27 21:33	interp_gt_s1_n_s2_best_e2_sm2	bbox_from_instance	0.03	0.5905	0.3276	0.7597	71	1000				
2026-08-27 21:34	interp_gt_s1_n_s3_best_e3	bbox_from_instance	0.03	0.4987	0.2189	0.6876	71	1000				
2026-08-27 21:34	interp_gt_s1_n_s3_best_e3_sm1	bbox_from_instance	0.03	0.5194	0.2178	0.7014	71	1000				
2026-08-27 21:34	interp_gt_s1_n_s3_best_e3_sm2	bbox_from_instance	0.03	0.5237	0.2641	0.7182	71	1000				
2026-08-27 21:34	kd_bfi_x_n_s1_best_e17	bbox_from_instance	0.02	0.4609	0.2090	0.6729	71	1000				
2026-08-27 21:34	kd_bfi_x_n_s2_best_e21	bbox_from_instance	0.02	0.4889	0.2185	0.7052	71	1000				
2026-08-27 21:34	kd_bfi_x_n_s3_best_e22	bbox_from_instance	0.02	0.4918	0.2153	0.6952	71	1000				
2026-08-27 21:34	kd_interp_n_s2_best_e2	bbox_from_instance	0.04	0.5005	0.2503	0.6909	71	1000				
2026-08-27 21:34	kd_interp_n_s3_best_e3	bbox_from_instance	0.03	0.5015	0.2420	0.6821	71	1000				
2026-08-27 21:34	kd_t1_n_s1_best_e3	bbox_from_instance	0.03	0.4945	0.2347	0.6470	71	1000				
2026-08-27 21:34	kd_t1_n_s2_best_e3	bbox_from_instance	0.04	0.5051	0.2288	0.7056	71	1000				
2026-08-27 21:34	kd_t1_n_s3_best_e2	bbox_from_instance	0.03	0.5351	0.3117	0.6921	71	1000				
2026-08-27 21:34	t1_nano_k025_t015_s1_n_s1_best_e3	bbox_from_instance	0.03	0.5256	0.2871	0.7016	71	1000				
2026-08-27 21:34	t1_nano_k025_t024_s1_keepempty_n_s1_best_e2	bbox_from_instance	0.02	0.5064	0.2606	0.6891	71	1000				
2026-08-27 21:34	t1_nano_k025_t024_s1_n_s1_best_e2	bbox_from_instance	0.04	0.5130	0.2647	0.7164	71	1000				
2026-08-27 21:34	t1_nano_k025_t024_s1_n_s1_best_e2_img384	bbox_from_instance	0.04	0.4976	0.2538	0.6848	71	1000				
2026-08-27 21:34	t1_nano_k025_t024_s1_n_s1_best_e2_img512	bbox_from_instance	0.05	0.4945	0.2507	0.6978	71	1000				
2026-08-27 21:34	t1_nano_k025_t024_s1_n_s1_best_e2_sm1	bbox_from_instance	0.02	0.5337	0.2873	0.7100	71	1000				
2026-08-27 21:34	t1_nano_k025_t024_s1_n_s1_best_e2_sm2	bbox_from_instance	0.02	0.5365	0.3060	0.7311	71	1000				
2026-08-27 21:34	t1_nano_k025_t024_s1_n_s2_best_e2	bbox_from_instance	0.06	0.5274	0.2665	0.7098	71	1000				
2026-08-27 21:34	t1_nano_k025_t024_s1_n_s2_best_e2_img384	bbox_from_instance	0.08	0.5276	0.2796	0.7022	71	1000				
2026-08-27 21:34	t1_nano_k025_t024_s1_n_s2_best_e2_img512	bbox_from_instance	0.08	0.5307	0.2416	0.7181	71	1000				
2026-08-27 21:34	t1_nano_k025_t024_s1_n_s2_best_e2_sm1	bbox_from_instance	0.03	0.5650	0.2842	0.7295	71	1000				
2026-08-27 21:34	t1_nano_k025_t024_s1_n_s2_best_e2_sm2	bbox_from_instance	0.03	0.5696	0.2943	0.7350	71	1000				
2026-08-27 21:34	t1_nano_k025_t024_s1_n_s3_best_e2	bbox_from_instance	0.07	0.5520	0.2635	0.7308	71	1000				
2026-08-27 21:34	t1_nano_k025_t024_s1_n_s3_best_e2_img384	bbox_from_instance	0.05	0.5545	0.2928	0.7362	71	1000				
2026-08-27 21:34	t1_nano_k025_t024_s1_n_s3_best_e2_img512	bbox_from_instance	0.05	0.5465	0.2635	0.7238	71	1000				
2026-08-27 21:34	t1_nano_k025_t024_s1_n_s3_best_e2_sm1	bbox_from_instance	0.05	0.5730	0.3138	0.7528	71	1000				
2026-08-27 21:34	t1_nano_k025_t024_s1_n_s3_best_e2_sm2	bbox_from_instance	0.06	0.5732	0.2926	0.7443	71	1000				
2026-08-27 21:35	t1_nano_k025_t024_s1_noneg_n_s1_best_e4	bbox_from_instance	0.04	0.4994	0.2399	0.6862	71	1000				
2026-08-27 21:35	t1_nano_k025_t024_s1_noneg_n_s2_best_e3	bbox_from_instance	0.05	0.4671	0.2025	0.6869	71	1000				
2026-08-27 21:35	t1_nano_k025_t024_s1_noneg_n_s3_best_e3	bbox_from_instance	0.05	0.5380	0.2930	0.7107	71	1000				
2026-08-27 21:35	t1_nano_k025_t024_s1_s_s1_best_e1	bbox_from_instance	0.09	0.5670	0.3684	0.7229	71	1000				
2026-08-27 21:35	t1_nano_k025_t024_s1_s_s1_best_e1_img384	bbox_from_instance	0.06	0.5900	0.3856	0.7393	71	1000				
2026-08-27 21:35	t1_nano_k025_t024_s1_s_s1_best_e1_img512	bbox_from_instance	0.11	0.5803	0.3811	0.7549	71	1000				
2026-08-27 21:35	t1_nano_k025_t024_s1_s_s1_best_e1_sm1	bbox_from_instance	0.07	0.5909	0.3827	0.7454	71	1000				
2026-08-27 21:35	t1_nano_k025_t024_s1_s_s1_best_e1_sm2	bbox_from_instance	0.08	0.5974	0.3977	0.7443	71	1000				
2026-08-27 21:35	t1_nano_k025_t024_s1_s_s2_best_e1	bbox_from_instance	0.09	0.5371	0.3256	0.6910	71	1000				
2026-08-27 21:35	t1_nano_k025_t024_s1_s_s2_best_e1_img384	bbox_from_instance	0.11	0.5764	0.3793	0.7259	71	1000				
2026-08-27 21:35	t1_nano_k025_t024_s1_s_s2_best_e1_img512	bbox_from_instance	0.10	0.5268	0.3250	0.6584	71	1000				
2026-08-27 21:35	t1_nano_k025_t024_s1_s_s2_best_e1_sm1	bbox_from_instance	0.05	0.5526	0.3589	0.6920	71	1000				
2026-08-27 21:35	t1_nano_k025_t024_s1_s_s2_best_e1_sm2	bbox_from_instance	0.06	0.5558	0.3726	0.7022	71	1000				
2026-08-27 21:35	t1_nano_k025_t024_s1_s_s3_best_e3	bbox_from_instance	0.01	0.5455	0.3034	0.7113	71	1000				
2026-08-27 21:35	t1_nano_k025_t024_s1_s_s3_best_e3_img384	bbox_from_instance	0.02	0.5667	0.3363	0.7184	71	1000				
2026-08-27 21:35	t1_nano_k025_t024_s1_s_s3_best_e3_img512	bbox_from_instance	0.02	0.5515	0.2940	0.7268	71	1000				
2026-08-27 21:35	t1_nano_k025_t024_s1_s_s3_best_e3_sm1	bbox_from_instance	0.01	0.5680	0.3192	0.7368	71	1000				
2026-08-27 21:35	t1_nano_k025_t024_s1_s_s3_best_e3_sm2	bbox_from_instance	0.01	0.5720	0.3328	0.7434	71	1000				
2026-08-27 21:35	t1_nano_k025_t024_s2_n_s1_best_e3	bbox_from_instance	0.13	0.5336	0.2542	0.7200	71	1000				
2026-08-27 21:35	t1_nano_k025_t024_s2_n_s2_best_e25	bbox_from_instance	0.02	0.4844	0.2215	0.6743	71	1000				
2026-08-27 21:35	t1_nano_k025_t024_s2_n_s3_best_e2	bbox_from_instance	0.06	0.5414	0.2982	0.7096	71	1000				
2026-08-27 21:35	t1_nano_k025_t024_s4_n_s1_best_e4	bbox_from_instance	0.07	0.4655	0.1838	0.6945	71	1000				
2026-08-27 21:35	t1_nano_k025_t024_s4_n_s2_best_e10	bbox_from_instance	0.01	0.5159	0.2731	0.6976	71	1000				
2026-08-27 21:35	t1_nano_k025_t024_s4_n_s3_best_e24	bbox_from_instance	0.03	0.5444	0.2779	0.7249	71	1000				
2026-08-27 21:36	t1_nano_k025_t035_s1_n_s1_best_e2	bbox_from_instance	0.03	0.5351	0.3049	0.7014	71	1000				
2026-08-27 21:36	t1_nano_k0_t024_s1_n_s1_best_e2	bbox_from_instance	0.04	0.4966	0.2429	0.7047	71	1000				
2026-08-27 21:36	t1_nano_k0_t024_s1_n_s2_best_e2	bbox_from_instance	0.03	0.4912	0.2531	0.6543	71	1000				
2026-08-27 21:36	t1_nano_k0_t024_s1_n_s3_best_e2	bbox_from_instance	0.05	0.5468	0.2709	0.7213	71	1000				
2026-08-27 21:36	t1_nanoadd_k025_t024_s1_n_s1_best_e24	bbox_from_instance	0.04	0.5402	0.2828	0.7152	71	1000				
2026-08-27 21:36	t1s1_ft_canon_bfi_n_s1_best_e1	bbox_from_instance	0.05	0.4451	0.1798	0.6583	71	1000				
2026-08-27 21:36	t1s1_ftlow_canon_bfi_n_s1_best_e6	bbox_from_instance	0.01	0.4803	0.2598	0.6771	71	1000				
2026-08-27 21:36	t1s2_ftlow_canon_bfi_n_s2_best_e5	bbox_from_instance	0.03	0.5134	0.2559	0.6989	71	1000				
2026-08-27 21:36	t1s3_ftlow_canon_bfi_n_s3_best_e5	bbox_from_instance	0.02	0.5218	0.2819	0.6896	71	1000				
2026-08-27 21:36	h50_interp_negall_n[pooled 3 seeds]	bbox_from_instance		0.3861			71	1000	h50_interp_n[pooled 3 seeds]	-0.0114	-0.0560	0.0739
2026-08-27 21:36	h50_interp_negall_n[pooled 3 seeds]	bbox_from_instance		0.3861			71	1000	h50_sparse_n[pooled 3 seeds]	-0.0058	-0.0406	0.0380
2026-08-27 21:36	canon_bfi_n_s1_best_e18	bbox	0.03	0.5198	0.2988	0.7124	71	1000				
2026-08-27 21:36	canon_bfi_n_s1_best_e18_img384	bbox	0.02	0.5272	0.2942	0.6887	71	1000				
2026-08-27 21:36	canon_bfi_n_s1_best_e18_img512	bbox	0.03	0.5099	0.2894	0.7030	71	1000				
2026-08-27 21:36	canon_bfi_n_s1_best_e18_sm1	bbox	0.01	0.5574	0.3341	0.7384	71	1000				
2026-08-27 21:36	canon_bfi_n_s1_best_e18_sm2	bbox	0.01	0.5633	0.3297	0.7345	71	1000				
2026-08-27 21:36	canon_bfi_n_s2_best_e8	bbox	0.06	0.5177	0.2288	0.6901	71	1000				
2026-08-27 21:36	canon_bfi_n_s2_best_e8_img384	bbox	0.05	0.5181	0.2538	0.6766	71	1000				
2026-08-27 21:36	canon_bfi_n_s2_best_e8_img512	bbox	0.08	0.5000	0.2015	0.6829	71	1000				
2026-08-27 21:36	canon_bfi_n_s2_best_e8_sm1	bbox	0.02	0.5430	0.2477	0.7004	71	1000				
2026-08-27 21:36	canon_bfi_n_s2_best_e8_sm2	bbox	0.02	0.5493	0.2646	0.7150	71	1000				
2026-08-27 21:36	canon_bfi_n_s3_best_e22	bbox	0.04	0.4631	0.2075	0.6949	71	1000				
2026-08-27 21:36	canon_bfi_n_s3_best_e22_img384	bbox	0.04	0.5147	0.2499	0.7024	71	1000				
2026-08-27 21:36	canon_bfi_n_s3_best_e22_img512	bbox	0.06	0.4741	0.1961	0.6829	71	1000				
2026-08-27 21:36	canon_bfi_n_s3_best_e22_sm1	bbox	0.03	0.4804	0.2098	0.6860	71	1000				
2026-08-27 21:36	canon_bfi_n_s3_best_e22_sm2	bbox	0.05	0.4792	0.1965	0.7051	71	1000				
2026-08-27 21:36	canon_bfi_s_s1_best_e1	bbox	0.07	0.5470	0.2899	0.7213	71	1000				
2026-08-27 21:36	canon_bfi_s_s1_best_e1_img384	bbox	0.05	0.5032	0.2876	0.6369	71	1000				
2026-08-27 21:36	canon_bfi_s_s1_best_e1_img512	bbox	0.05	0.5341	0.2796	0.6932	71	1000				
2026-08-27 21:36	canon_bfi_s_s2_best_e25	bbox	0.02	0.4821	0.2131	0.7064	71	1000				
2026-08-27 21:36	canon_bfi_s_s2_best_e25_img384	bbox	0.01	0.4958	0.2328	0.6681	71	1000				
2026-08-27 21:36	canon_bfi_s_s2_best_e25_img512	bbox	0.03	0.5064	0.2298	0.6887	71	1000				
2026-08-27 21:37	canon_bfi_s_s3_best_e17	bbox	0.03	0.4663	0.1982	0.6822	71	1000				
2026-08-27 21:37	canon_bfi_s_s3_best_e17_img384	bbox	0.07	0.4856	0.1867	0.6737	71	1000				
2026-08-27 21:37	canon_bfi_s_s3_best_e17_img512	bbox	0.08	0.4697	0.1830	0.6948	71	1000				
2026-08-27 21:37	h50_interp_n_s1_best_e6	bbox	0.03	0.4115	0.1028	0.6689	71	1000				
2026-08-27 21:37	h50_interp_n_s2_best_e4	bbox	0.03	0.4178	0.1154	0.6504	71	1000				
2026-08-27 21:37	h50_interp_n_s3_best_e6	bbox	0.06	0.3969	0.1064	0.6398	71	1000				
2026-08-27 21:37	h50_interp_negall_n_s1_best_e3	bbox	0.08	0.4042	0.1162	0.6374	71	1000				
2026-08-27 21:37	h50_interp_negall_n_s2_best_e3	bbox	0.04	0.4375	0.1469	0.6587	71	1000				
2026-08-27 21:37	h50_interp_negall_n_s3_best_e3	bbox	0.06	0.4019	0.1203	0.6205	71	1000				
2026-08-27 21:37	h50_interp_s_s1_best_e2	bbox	0.02	0.4078	0.1402	0.6319	71	1000				
2026-08-27 21:37	h50_sparse_n_s1_best_e35	bbox	0.02	0.4251	0.1464	0.6532	71	1000				
2026-08-27 21:37	h50_sparse_n_s2_best_e24	bbox	0.02	0.4392	0.1496	0.6638	71	1000				
2026-08-27 21:37	h50_sparse_n_s3_best_e31	bbox	0.04	0.3756	0.0712	0.6341	71	1000				
2026-08-27 21:37	h50_sparse_s_s1_best_e9	bbox	0.01	0.3863	0.0957	0.5971	71	1000				
2026-08-27 21:37	interp_gt_s1_n_s1_best_e2	bbox	0.05	0.4678	0.1769	0.6603	71	1000				
2026-08-27 21:37	interp_gt_s1_n_s1_best_e2_sm1	bbox	0.04	0.4872	0.2023	0.6846	71	1000				
2026-08-27 21:37	interp_gt_s1_n_s1_best_e2_sm2	bbox	0.03	0.4929	0.1860	0.6838	71	1000				
2026-08-27 21:37	interp_gt_s1_n_s2_best_e2	bbox	0.07	0.5552	0.2762	0.7377	71	1000				
2026-08-27 21:37	interp_gt_s1_n_s2_best_e2_sm1	bbox	0.03	0.5808	0.3103	0.7633	71	1000				
2026-08-27 21:37	interp_gt_s1_n_s2_best_e2_sm2	bbox	0.03	0.5882	0.3180	0.7652	71	1000				
2026-08-27 21:37	interp_gt_s1_n_s3_best_e3	bbox	0.04	0.5002	0.2133	0.6879	71	1000				
2026-08-27 21:37	interp_gt_s1_n_s3_best_e3_sm1	bbox	0.02	0.5184	0.1883	0.7177	71	1000				
2026-08-27 21:37	interp_gt_s1_n_s3_best_e3_sm2	bbox	0.02	0.5201	0.2103	0.7138	71	1000				
2026-08-27 21:37	kd_bfi_x_n_s1_best_e17	bbox	0.02	0.4694	0.2159	0.6489	71	1000				
2026-08-27 21:37	kd_bfi_x_n_s2_best_e21	bbox	0.02	0.5273	0.2745	0.7195	71	1000				
2026-08-27 21:37	kd_bfi_x_n_s3_best_e22	bbox	0.01	0.5150	0.2331	0.6927	71	1000				
2026-08-27 21:37	kd_interp_n_s2_best_e2	bbox	0.05	0.4985	0.1942	0.6775	71	1000				
2026-08-27 21:37	kd_interp_n_s3_best_e3	bbox	0.04	0.5214	0.2298	0.7011	71	1000				
2026-08-27 21:37	kd_t1_n_s1_best_e3	bbox	0.03	0.5047	0.2410	0.6552	71	1000				
2026-08-27 21:37	kd_t1_n_s2_best_e3	bbox	0.04	0.5241	0.2295	0.7120	71	1000				
2026-08-27 21:37	kd_t1_n_s3_best_e2	bbox	0.03	0.5397	0.2665	0.7111	71	1000				
2026-08-27 21:38	t1_nano_k025_t015_s1_n_s1_best_e3	bbox	0.03	0.5311	0.2643	0.6956	71	1000				
2026-08-27 21:38	t1_nano_k025_t024_s1_keepempty_n_s1_best_e2	bbox	0.02	0.5095	0.2576	0.6894	71	1000				
2026-08-27 21:38	t1_nano_k025_t024_s1_n_s1_best_e2	bbox	0.04	0.5269	0.2756	0.7252	71	1000				
2026-08-27 21:38	t1_nano_k025_t024_s1_n_s1_best_e2_img384	bbox	0.04	0.5045	0.2442	0.6844	71	1000				
2026-08-27 21:38	t1_nano_k025_t024_s1_n_s1_best_e2_img512	bbox	0.05	0.4905	0.2298	0.7013	71	1000				
2026-08-27 21:38	t1_nano_k025_t024_s1_n_s1_best_e2_sm1	bbox	0.02	0.5487	0.2784	0.7230	71	1000				
2026-08-27 21:38	t1_nano_k025_t024_s1_n_s1_best_e2_sm2	bbox	0.02	0.5514	0.2832	0.7252	71	1000				
2026-08-27 21:38	t1_nano_k025_t024_s1_n_s2_best_e2	bbox	0.10	0.5256	0.2207	0.7004	71	1000				
2026-08-27 21:38	t1_nano_k025_t024_s1_n_s2_best_e2_img384	bbox	0.06	0.5339	0.2569	0.7063	71	1000				
2026-08-27 21:38	t1_nano_k025_t024_s1_n_s2_best_e2_img512	bbox	0.08	0.5351	0.2336	0.7375	71	1000				
2026-08-27 21:38	t1_nano_k025_t024_s1_n_s2_best_e2_sm1	bbox	0.03	0.5671	0.2770	0.7316	71	1000				
2026-08-27 21:38	t1_nano_k025_t024_s1_n_s2_best_e2_sm2	bbox	0.02	0.5722	0.3100	0.7391	71	1000				
2026-08-27 21:38	t1_nano_k025_t024_s1_n_s3_best_e2	bbox	0.07	0.5438	0.2833	0.7293	71	1000				
2026-08-27 21:38	t1_nano_k025_t024_s1_n_s3_best_e2_img384	bbox	0.05	0.5504	0.2851	0.7150	71	1000				
2026-08-27 21:38	t1_nano_k025_t024_s1_n_s3_best_e2_img512	bbox	0.03	0.5485	0.2883	0.7148	71	1000				
2026-08-27 21:38	t1_nano_k025_t024_s1_n_s3_best_e2_sm1	bbox	0.03	0.5687	0.3003	0.7390	71	1000				
2026-08-27 21:38	t1_nano_k025_t024_s1_n_s3_best_e2_sm2	bbox	0.06	0.5624	0.2837	0.7366	71	1000				
2026-08-27 21:38	t1_nano_k025_t024_s1_noneg_n_s1_best_e4	bbox	0.04	0.5213	0.2492	0.7071	71	1000				
2026-08-27 21:38	t1_nano_k025_t024_s1_noneg_n_s2_best_e3	bbox	0.05	0.4848	0.1890	0.6699	71	1000				
2026-08-27 21:38	t1_nano_k025_t024_s1_noneg_n_s3_best_e3	bbox	0.05	0.5480	0.2847	0.7046	71	1000				
2026-08-27 21:38	t1_nano_k025_t024_s1_s_s1_best_e1	bbox	0.09	0.5825	0.3757	0.7398	71	1000				
2026-08-27 21:38	t1_nano_k025_t024_s1_s_s1_best_e1_img384	bbox	0.06	0.5662	0.3398	0.7163	71	1000				
2026-08-27 21:38	t1_nano_k025_t024_s1_s_s1_best_e1_img512	bbox	0.11	0.5754	0.3624	0.7422	71	1000				
2026-08-27 21:38	t1_nano_k025_t024_s1_s_s1_best_e1_sm1	bbox	0.07	0.6035	0.4039	0.7438	71	1000				
2026-08-27 21:38	t1_nano_k025_t024_s1_s_s1_best_e1_sm2	bbox	0.08	0.6103	0.4039	0.7559	71	1000				
2026-08-27 21:38	t1_nano_k025_t024_s1_s_s2_best_e1	bbox	0.11	0.5475	0.3259	0.7002	71	1000				
2026-08-27 21:38	t1_nano_k025_t024_s1_s_s2_best_e1_img384	bbox	0.15	0.5766	0.3443	0.7292	71	1000				
2026-08-27 21:38	t1_nano_k025_t024_s1_s_s2_best_e1_img512	bbox	0.11	0.5392	0.3062	0.6700	71	1000				
2026-08-27 21:39	t1_nano_k025_t024_s1_s_s2_best_e1_sm1	bbox	0.08	0.5643	0.3469	0.7133	71	1000				
2026-08-27 21:39	t1_nano_k025_t024_s1_s_s2_best_e1_sm2	bbox	0.09	0.5671	0.3410	0.7126	71	1000				
2026-08-27 21:39	t1_nano_k025_t024_s1_s_s3_best_e3	bbox	0.02	0.5401	0.2774	0.7175	71	1000				
2026-08-27 21:39	t1_nano_k025_t024_s1_s_s3_best_e3_img384	bbox	0.02	0.5564	0.3017	0.7166	71	1000				
2026-08-27 21:39	t1_nano_k025_t024_s1_s_s3_best_e3_img512	bbox	0.03	0.5498	0.2722	0.7372	71	1000				
2026-08-27 21:39	t1_nano_k025_t024_s1_s_s3_best_e3_sm1	bbox	0.01	0.5582	0.2836	0.7397	71	1000				
2026-08-27 21:39	t1_nano_k025_t024_s1_s_s3_best_e3_sm2	bbox	0.01	0.5612	0.2861	0.7286	71	1000				
2026-08-27 21:39	t1_nano_k025_t024_s2_n_s1_best_e3	bbox	0.14	0.5370	0.2435	0.7080	71	1000				
2026-08-27 21:39	t1_nano_k025_t024_s2_n_s2_best_e25	bbox	0.02	0.4955	0.2240	0.6781	71	1000				
2026-08-27 21:39	t1_nano_k025_t024_s2_n_s3_best_e2	bbox	0.11	0.5093	0.2466	0.7008	71	1000				
2026-08-27 21:39	t1_nano_k025_t024_s4_n_s1_best_e4	bbox	0.09	0.4666	0.1544	0.6852	71	1000				
2026-08-27 21:39	t1_nano_k025_t024_s4_n_s2_best_e10	bbox	0.01	0.5211	0.2464	0.6949	71	1000				
2026-08-27 21:39	t1_nano_k025_t024_s4_n_s3_best_e24	bbox	0.02	0.5453	0.2519	0.7346	71	1000				
2026-08-27 21:39	t1_nano_k025_t035_s1_n_s1_best_e2	bbox	0.03	0.5430	0.2834	0.7112	71	1000				
2026-08-27 21:39	t1_nano_k0_t024_s1_n_s1_best_e2	bbox	0.04	0.5119	0.2484	0.7016	71	1000				
2026-08-27 21:39	t1_nano_k0_t024_s1_n_s2_best_e2	bbox	0.03	0.4954	0.2306	0.6454	71	1000				
2026-08-27 21:39	t1_nano_k0_t024_s1_n_s3_best_e2	bbox	0.05	0.5365	0.2770	0.7188	71	1000				
2026-08-27 21:39	t1_nanoadd_k025_t024_s1_n_s1_best_e24	bbox	0.04	0.5406	0.2780	0.7242	71	1000				
2026-08-27 21:39	t1s1_ft_canon_bfi_n_s1_best_e1	bbox	0.05	0.4627	0.1604	0.6767	71	1000				
2026-08-27 21:39	t1s1_ftlow_canon_bfi_n_s1_best_e6	bbox	0.01	0.4944	0.2627	0.6791	71	1000				
2026-08-27 21:39	t1s2_ftlow_canon_bfi_n_s2_best_e5	bbox	0.03	0.5355	0.2523	0.7171	71	1000				
2026-08-27 21:39	t1s3_ftlow_canon_bfi_n_s3_best_e5	bbox	0.02	0.5095	0.2818	0.6728	71	1000				
2026-08-27 21:39	h50_interp_negall_n[pooled 3 seeds]	bbox		0.4149			71	1000	h50_interp_n[pooled 3 seeds]	0.0060	-0.0304	0.0618
2026-08-27 21:39	h50_interp_negall_n[pooled 3 seeds]	bbox		0.4149			71	1000	h50_sparse_n[pooled 3 seeds]	0.0005	-0.0262	0.0270
2026-08-28 02:18	canon_bfi_n_s1_best_e18	bbox_from_instance	0.03	0.4967	0.2605	0.6968	71	1000				
2026-08-28 02:18	canon_bfi_n_s1_best_e18_img384	bbox_from_instance	0.02	0.4900	0.2856	0.6581	71	1000				
2026-08-28 02:18	canon_bfi_n_s1_best_e18_img512	bbox_from_instance	0.03	0.4827	0.2537	0.6829	71	1000				
2026-08-28 02:18	canon_bfi_n_s1_best_e18_sm1	bbox_from_instance	0.02	0.5231	0.2835	0.7147	71	1000				
2026-08-28 02:18	canon_bfi_n_s1_best_e18_sm2	bbox_from_instance	0.02	0.5272	0.2929	0.7285	71	1000				
2026-08-28 02:18	canon_bfi_n_s2_best_e8	bbox_from_instance	0.04	0.5008	0.2567	0.6711	71	1000				
2026-08-28 02:18	canon_bfi_n_s2_best_e8_img384	bbox_from_instance	0.06	0.4882	0.2443	0.6709	71	1000				
2026-08-28 02:18	canon_bfi_n_s2_best_e8_img512	bbox_from_instance	0.08	0.4809	0.2304	0.6962	71	1000				
2026-08-28 02:18	canon_bfi_n_s2_best_e8_sm1	bbox_from_instance	0.02	0.5260	0.2938	0.6901	71	1000				
2026-08-28 02:18	canon_bfi_n_s2_best_e8_sm2	bbox_from_instance	0.01	0.5242	0.2972	0.6912	71	1000				
2026-08-28 02:18	canon_bfi_n_s3_best_e22	bbox_from_instance	0.04	0.4525	0.1904	0.6935	71	1000				
2026-08-28 02:18	canon_bfi_n_s3_best_e22_img384	bbox_from_instance	0.06	0.4749	0.2222	0.6876	71	1000				
2026-08-28 02:18	canon_bfi_n_s3_best_e22_img512	bbox_from_instance	0.06	0.4500	0.2059	0.6699	71	1000				
2026-08-28 02:18	canon_bfi_n_s3_best_e22_sm1	bbox_from_instance	0.03	0.4709	0.2077	0.7203	71	1000				
2026-08-28 02:18	canon_bfi_n_s3_best_e22_sm2	bbox_from_instance	0.04	0.4712	0.1930	0.7143	71	1000				
2026-08-28 02:18	canon_bfi_s_s1_best_e1	bbox_from_instance	0.05	0.5550	0.3505	0.7079	71	1000				
2026-08-28 02:18	canon_bfi_s_s1_best_e1_img384	bbox_from_instance	0.05	0.5229	0.3292	0.6489	71	1000				
2026-08-28 02:18	canon_bfi_s_s1_best_e1_img512	bbox_from_instance	0.05	0.5452	0.3297	0.6922	71	1000				
2026-08-28 02:18	canon_bfi_s_s2_best_e25	bbox_from_instance	0.01	0.4530	0.2115	0.6767	71	1000				
2026-08-28 02:18	canon_bfi_s_s2_best_e25_img384	bbox_from_instance	0.01	0.4705	0.2319	0.6638	71	1000				
2026-08-28 02:18	canon_bfi_s_s2_best_e25_img512	bbox_from_instance	0.03	0.4746	0.2106	0.6792	71	1000				
2026-08-28 02:18	canon_bfi_s_s3_best_e17	bbox_from_instance	0.03	0.4301	0.1371	0.6736	71	1000				
2026-08-28 02:18	canon_bfi_s_s3_best_e17_img384	bbox_from_instance	0.07	0.4537	0.1683	0.6474	71	1000				
2026-08-28 02:18	canon_bfi_s_s3_best_e17_img512	bbox_from_instance	0.07	0.4337	0.1482	0.6774	71	1000				
2026-08-28 02:18	h50_interp_n_s1_best_e6	bbox_from_instance	0.03	0.3878	0.1223	0.6533	71	1000				
2026-08-28 02:18	h50_interp_n_s2_best_e4	bbox_from_instance	0.03	0.3938	0.1221	0.6453	71	1000				
2026-08-28 02:18	h50_interp_n_s3_best_e6	bbox_from_instance	0.01	0.4103	0.1449	0.6405	71	1000				
2026-08-28 02:18	h50_interp_negall_n_s1_best_e3	bbox_from_instance	0.08	0.3817	0.1207	0.6499	71	1000				
2026-08-28 02:19	h50_interp_negall_n_s2_best_e3	bbox_from_instance	0.04	0.4200	0.1638	0.6364	71	1000				
2026-08-28 02:19	h50_interp_negall_n_s3_best_e3	bbox_from_instance	0.07	0.3548	0.1146	0.6051	71	1000				
2026-08-28 02:19	h50_interp_s_s1_best_e2	bbox_from_instance	0.02	0.4308	0.1894	0.6495	71	1000				
2026-08-28 02:19	h50_interp_s_s2_best_e3	bbox_from_instance	0.12	0.4013	0.1524	0.6150	71	1000				
2026-08-28 02:19	h50_sparse_n_s1_best_e35	bbox_from_instance	0.02	0.4133	0.1465	0.6377	71	1000				
2026-08-28 02:19	h50_sparse_n_s2_best_e24	bbox_from_instance	0.02	0.4189	0.1487	0.6534	71	1000				
2026-08-28 02:19	h50_sparse_n_s3_best_e31	bbox_from_instance	0.04	0.3391	0.0786	0.6045	71	1000				
2026-08-28 02:19	h50_sparse_s_s1_best_e9	bbox_from_instance	0.01	0.3747	0.1144	0.5783	71	1000				
2026-08-28 02:19	h50_sparse_s_s2_best_e15	bbox_from_instance	0.02	0.3449	0.1432	0.5032	71	1000				
2026-08-28 02:19	interp_gt_a16_n_s1_best_e3	bbox_from_instance	0.03	0.4325	0.1327	0.6771	71	1000				
2026-08-28 02:19	interp_gt_a2_n_s1_best_e2	bbox_from_instance	0.13	0.4703	0.1824	0.7008	71	1000				
2026-08-28 02:19	interp_gt_a4_n_s1_best_e3	bbox_from_instance	0.04	0.5204	0.2437	0.7207	71	1000				
2026-08-28 02:19	interp_gt_a8_n_s1_best_e2	bbox_from_instance	0.04	0.4740	0.1957	0.6943	71	1000				
2026-08-28 02:19	interp_gt_s1_n_s1_best_e2	bbox_from_instance	0.05	0.4713	0.1973	0.6642	71	1000				
2026-08-28 02:19	interp_gt_s1_n_s1_best_e2_sm1	bbox_from_instance	0.03	0.4994	0.2036	0.6839	71	1000				
2026-08-28 02:19	interp_gt_s1_n_s1_best_e2_sm2	bbox_from_instance	0.03	0.5041	0.2553	0.6997	71	1000				
2026-08-28 02:19	interp_gt_s1_n_s2_best_e2	bbox_from_instance	0.07	0.5518	0.2843	0.7332	71	1000				
2026-08-28 02:19	interp_gt_s1_n_s2_best_e2_sm1	bbox_from_instance	0.03	0.5823	0.3172	0.7627	71	1000				
2026-08-28 02:19	interp_gt_s1_n_s2_best_e2_sm2	bbox_from_instance	0.03	0.5905	0.3190	0.7696	71	1000				
2026-08-28 02:19	interp_gt_s1_n_s3_best_e3	bbox_from_instance	0.03	0.4987	0.2424	0.6904	71	1000				
2026-08-28 02:19	interp_gt_s1_n_s3_best_e3_sm1	bbox_from_instance	0.03	0.5194	0.2291	0.7149	71	1000				
2026-08-28 02:19	interp_gt_s1_n_s3_best_e3_sm2	bbox_from_instance	0.03	0.5237	0.2250	0.7096	71	1000				
2026-08-28 02:19	kd_bfi_x_n_s1_best_e17	bbox_from_instance	0.02	0.4609	0.1821	0.6799	71	1000				
2026-08-28 02:19	kd_bfi_x_n_s2_best_e21	bbox_from_instance	0.02	0.4889	0.2398	0.6951	71	1000				
2026-08-28 02:19	kd_bfi_x_n_s3_best_e22	bbox_from_instance	0.02	0.4918	0.2155	0.6942	71	1000				
2026-08-28 02:19	kd_interp_n_s2_best_e2	bbox_from_instance	0.04	0.5005	0.2338	0.6859	71	1000				
2026-08-28 02:19	kd_interp_n_s3_best_e3	bbox_from_instance	0.03	0.5015	0.2563	0.6910	71	1000				
2026-08-28 02:19	kd_t1_n_s1_best_e3	bbox_from_instance	0.03	0.4945	0.2509	0.6608	71	1000				
2026-08-28 02:20	kd_t1_n_s2_best_e3	bbox_from_instance	0.04	0.5051	0.2465	0.6970	71	1000				
2026-08-28 02:20	kd_t1_n_s3_best_e2	bbox_from_instance	0.03	0.5351	0.2766	0.6888	71	1000				
2026-08-28 02:20	t1_nano_k025_t015_s1_n_s1_best_e3	bbox_from_instance	0.03	0.5256	0.3049	0.7071	71	1000				
2026-08-28 02:20	t1_nano_k025_t024_s1_keepempty_n_s1_best_e2	bbox_from_instance	0.02	0.5064	0.2548	0.7009	71	1000				
2026-08-28 02:20	t1_nano_k025_t024_s1_n_s1_best_e2	bbox_from_instance	0.04	0.5130	0.2681	0.7089	71	1000				
2026-08-28 02:20	t1_nano_k025_t024_s1_n_s1_best_e2_img384	bbox_from_instance	0.04	0.4976	0.2514	0.6640	71	1000				
2026-08-28 02:20	t1_nano_k025_t024_s1_n_s1_best_e2_img512	bbox_from_instance	0.05	0.4945	0.2209	0.6962	71	1000				
2026-08-28 02:20	t1_nano_k025_t024_s1_n_s1_best_e2_sm1	bbox_from_instance	0.02	0.5337	0.2795	0.7179	71	1000				
2026-08-28 02:20	t1_nano_k025_t024_s1_n_s1_best_e2_sm2	bbox_from_instance	0.02	0.5365	0.2883	0.7104	71	1000				
2026-08-28 02:20	t1_nano_k025_t024_s1_n_s2_best_e2	bbox_from_instance	0.06	0.5274	0.2657	0.7056	71	1000				
2026-08-28 02:20	t1_nano_k025_t024_s1_n_s2_best_e2_img384	bbox_from_instance	0.08	0.5276	0.2457	0.7047	71	1000				
2026-08-28 02:20	t1_nano_k025_t024_s1_n_s2_best_e2_img512	bbox_from_instance	0.08	0.5307	0.2559	0.7331	71	1000				
2026-08-28 02:20	t1_nano_k025_t024_s1_n_s2_best_e2_sm1	bbox_from_instance	0.03	0.5650	0.2926	0.7275	71	1000				
2026-08-28 02:20	t1_nano_k025_t024_s1_n_s2_best_e2_sm2	bbox_from_instance	0.03	0.5696	0.3192	0.7313	71	1000				
2026-08-28 02:20	t1_nano_k025_t024_s1_n_s3_best_e2	bbox_from_instance	0.07	0.5520	0.2904	0.7460	71	1000				
2026-08-28 02:20	t1_nano_k025_t024_s1_n_s3_best_e2_img384	bbox_from_instance	0.05	0.5545	0.2917	0.7334	71	1000				
2026-08-28 02:20	t1_nano_k025_t024_s1_n_s3_best_e2_img512	bbox_from_instance	0.05	0.5465	0.2919	0.7287	71	1000				
2026-08-28 02:20	t1_nano_k025_t024_s1_n_s3_best_e2_sm1	bbox_from_instance	0.05	0.5730	0.2980	0.7489	71	1000				
2026-08-28 02:20	t1_nano_k025_t024_s1_n_s3_best_e2_sm2	bbox_from_instance	0.06	0.5732	0.2963	0.7571	71	1000				
2026-08-28 02:20	t1_nano_k025_t024_s1_noneg_n_s1_best_e4	bbox_from_instance	0.04	0.4994	0.2086	0.7052	71	1000				
2026-08-28 02:20	t1_nano_k025_t024_s1_noneg_n_s2_best_e3	bbox_from_instance	0.05	0.4671	0.1936	0.6751	71	1000				
2026-08-28 02:20	t1_nano_k025_t024_s1_noneg_n_s3_best_e3	bbox_from_instance	0.05	0.5380	0.2968	0.7110	71	1000				
2026-08-28 02:20	t1_nano_k025_t024_s1_s_s1_best_e1	bbox_from_instance	0.09	0.5670	0.3812	0.7201	71	1000				
2026-08-28 02:20	t1_nano_k025_t024_s1_s_s1_best_e1_img384	bbox_from_instance	0.06	0.5900	0.3881	0.7355	71	1000				
2026-08-28 02:21	t1_nano_k025_t024_s1_s_s1_best_e1_img512	bbox_from_instance	0.11	0.5803	0.3660	0.7307	71	1000				
2026-08-28 02:21	t1_nano_k025_t024_s1_s_s1_best_e1_sm1	bbox_from_instance	0.07	0.5909	0.4035	0.7372	71	1000				
2026-08-28 02:21	t1_nano_k025_t024_s1_s_s1_best_e1_sm2	bbox_from_instance	0.08	0.5974	0.4079	0.7423	71	1000				
2026-08-28 02:21	t1_nano_k025_t024_s1_s_s2_best_e1	bbox_from_instance	0.09	0.5371	0.3281	0.6800	71	1000				
2026-08-28 02:21	t1_nano_k025_t024_s1_s_s2_best_e1_img384	bbox_from_instance	0.11	0.5764	0.3799	0.7208	71	1000				
2026-08-28 02:21	t1_nano_k025_t024_s1_s_s2_best_e1_img512	bbox_from_instance	0.10	0.5268	0.3350	0.6604	71	1000				
2026-08-28 02:21	t1_nano_k025_t024_s1_s_s2_best_e1_sm1	bbox_from_instance	0.05	0.5526	0.3543	0.6958	71	1000				
2026-08-28 02:21	t1_nano_k025_t024_s1_s_s2_best_e1_sm2	bbox_from_instance	0.06	0.5558	0.3501	0.7092	71	1000				
2026-08-28 02:21	t1_nano_k025_t024_s1_s_s3_best_e3	bbox_from_instance	0.01	0.5455	0.3032	0.7037	71	1000				
2026-08-28 02:21	t1_nano_k025_t024_s1_s_s3_best_e3_img384	bbox_from_instance	0.02	0.5667	0.3334	0.7249	71	1000				
2026-08-28 02:21	t1_nano_k025_t024_s1_s_s3_best_e3_img512	bbox_from_instance	0.02	0.5515	0.2934	0.7385	71	1000				
2026-08-28 02:21	t1_nano_k025_t024_s1_s_s3_best_e3_sm1	bbox_from_instance	0.01	0.5680	0.3018	0.7386	71	1000				
2026-08-28 02:21	t1_nano_k025_t024_s1_s_s3_best_e3_sm2	bbox_from_instance	0.01	0.5720	0.3241	0.7415	71	1000				
2026-08-28 02:21	t1_nano_k025_t024_s2_n_s1_best_e3	bbox_from_instance	0.13	0.5336	0.2790	0.7068	71	1000				
2026-08-28 02:21	t1_nano_k025_t024_s2_n_s2_best_e25	bbox_from_instance	0.02	0.4844	0.2165	0.7081	71	1000				
2026-08-28 02:21	t1_nano_k025_t024_s2_n_s3_best_e2	bbox_from_instance	0.06	0.5414	0.3123	0.7134	71	1000				
2026-08-28 02:21	t1_nano_k025_t024_s4_n_s1_best_e4	bbox_from_instance	0.07	0.4655	0.1966	0.6863	71	1000				
2026-08-28 02:21	t1_nano_k025_t024_s4_n_s2_best_e10	bbox_from_instance	0.01	0.5159	0.2857	0.6886	71	1000				
2026-08-28 02:21	t1_nano_k025_t024_s4_n_s3_best_e24	bbox_from_instance	0.03	0.5444	0.2849	0.7234	71	1000				
2026-08-28 02:21	t1_nano_k025_t035_s1_n_s1_best_e2	bbox_from_instance	0.03	0.5351	0.3107	0.6932	71	1000				
2026-08-28 02:21	t1_nano_k0_t024_s1_n_s1_best_e2	bbox_from_instance	0.04	0.4966	0.2343	0.6975	71	1000				
2026-08-28 02:21	t1_nano_k0_t024_s1_n_s2_best_e2	bbox_from_instance	0.03	0.4912	0.2316	0.6524	71	1000				
2026-08-28 02:21	t1_nano_k0_t024_s1_n_s3_best_e2	bbox_from_instance	0.05	0.5468	0.2852	0.7136	71	1000				
2026-08-28 02:21	t1_nanoadd_k025_t024_s1_n_s1_best_e24	bbox_from_instance	0.04	0.5402	0.2764	0.7192	71	1000				
2026-08-28 02:22	t1s1_ft_canon_bfi_n_s1_best_e1	bbox_from_instance	0.05	0.4451	0.1950	0.6529	71	1000				
2026-08-28 02:22	t1s1_ftlow_canon_bfi_n_s1_best_e6	bbox_from_instance	0.01	0.4803	0.2540	0.6809	71	1000				
2026-08-28 02:22	t1s2_ftlow_canon_bfi_n_s2_best_e5	bbox_from_instance	0.03	0.5134	0.2505	0.6998	71	1000				
2026-08-28 02:22	t1s3_ftlow_canon_bfi_n_s3_best_e5	bbox_from_instance	0.02	0.5218	0.2882	0.6879	71	1000				
2026-08-28 02:22	h50_interp_s[pooled 2 seeds]	bbox_from_instance		0.4165			71	1000	h50_sparse_s[pooled 2 seeds]	0.0566	0.0054	0.1085
2026-08-28 02:22	canon_bfi_n_s1_best_e18	bbox	0.03	0.5198	0.2889	0.7020	71	1000				
2026-08-28 02:22	canon_bfi_n_s1_best_e18_img384	bbox	0.02	0.5272	0.3007	0.6895	71	1000				
2026-08-28 02:22	canon_bfi_n_s1_best_e18_img512	bbox	0.03	0.5099	0.2720	0.7058	71	1000				
2026-08-28 02:22	canon_bfi_n_s1_best_e18_sm1	bbox	0.01	0.5574	0.3321	0.7388	71	1000				
2026-08-28 02:22	canon_bfi_n_s1_best_e18_sm2	bbox	0.01	0.5633	0.3361	0.7474	71	1000				
2026-08-28 02:22	canon_bfi_n_s2_best_e8	bbox	0.06	0.5177	0.2292	0.7015	71	1000				
2026-08-28 02:22	canon_bfi_n_s2_best_e8_img384	bbox	0.05	0.5181	0.2365	0.6847	71	1000				
2026-08-28 02:22	canon_bfi_n_s2_best_e8_img512	bbox	0.08	0.5000	0.2049	0.6824	71	1000				
2026-08-28 02:22	canon_bfi_n_s2_best_e8_sm1	bbox	0.02	0.5430	0.2514	0.7103	71	1000				
2026-08-28 02:22	canon_bfi_n_s2_best_e8_sm2	bbox	0.02	0.5493	0.2631	0.7197	71	1000				
2026-08-28 02:22	canon_bfi_n_s3_best_e22	bbox	0.04	0.4631	0.2018	0.6728	71	1000				
2026-08-28 02:22	canon_bfi_n_s3_best_e22_img384	bbox	0.04	0.5147	0.2441	0.6893	71	1000				
2026-08-28 02:22	canon_bfi_n_s3_best_e22_img512	bbox	0.06	0.4741	0.2024	0.7011	71	1000				
2026-08-28 02:22	canon_bfi_n_s3_best_e22_sm1	bbox	0.03	0.4804	0.2021	0.7006	71	1000				
2026-08-28 02:22	canon_bfi_n_s3_best_e22_sm2	bbox	0.05	0.4792	0.2089	0.6963	71	1000				
2026-08-28 02:22	canon_bfi_s_s1_best_e1	bbox	0.07	0.5470	0.3073	0.7247	71	1000				
2026-08-28 02:22	canon_bfi_s_s1_best_e1_img384	bbox	0.05	0.5032	0.2813	0.6371	71	1000				
2026-08-28 02:22	canon_bfi_s_s1_best_e1_img512	bbox	0.05	0.5341	0.2932	0.6972	71	1000				
2026-08-28 02:22	canon_bfi_s_s2_best_e25	bbox	0.02	0.4821	0.2200	0.6965	71	1000				
2026-08-28 02:22	canon_bfi_s_s2_best_e25_img384	bbox	0.01	0.4958	0.2312	0.6747	71	1000				
2026-08-28 02:22	canon_bfi_s_s2_best_e25_img512	bbox	0.03	0.5064	0.2286	0.6935	71	1000				
2026-08-28 02:22	canon_bfi_s_s3_best_e17	bbox	0.03	0.4663	0.1744	0.6733	71	1000				
2026-08-28 02:22	canon_bfi_s_s3_best_e17_img384	bbox	0.07	0.4856	0.2064	0.6729	71	1000				
2026-08-28 02:23	canon_bfi_s_s3_best_e17_img512	bbox	0.08	0.4697	0.1810	0.6698	71	1000				
2026-08-28 02:23	h50_interp_n_s1_best_e6	bbox	0.03	0.4115	0.1123	0.6644	71	1000				
2026-08-28 02:23	h50_interp_n_s2_best_e4	bbox	0.03	0.4178	0.1254	0.6570	71	1000				
2026-08-28 02:23	h50_interp_n_s3_best_e6	bbox	0.06	0.3969	0.1180	0.6398	71	1000				
2026-08-28 02:23	h50_interp_negall_n_s1_best_e3	bbox	0.08	0.4042	0.1039	0.6422	71	1000				
2026-08-28 02:23	h50_interp_negall_n_s2_best_e3	bbox	0.04	0.4375	0.1533	0.6451	71	1000				
2026-08-28 02:23	h50_interp_negall_n_s3_best_e3	bbox	0.06	0.4019	0.1219	0.6439	71	1000				
2026-08-28 02:23	h50_interp_s_s1_best_e2	bbox	0.02	0.4078	0.1325	0.6328	71	1000				
2026-08-28 02:23	h50_interp_s_s2_best_e3	bbox	0.12	0.4314	0.1406	0.6418	71	1000				
2026-08-28 02:23	h50_sparse_n_s1_best_e35	bbox	0.02	0.4251	0.1398	0.6416	71	1000				
2026-08-28 02:23	h50_sparse_n_s2_best_e24	bbox	0.02	0.4392	0.1446	0.6759	71	1000				
2026-08-28 02:23	h50_sparse_n_s3_best_e31	bbox	0.04	0.3756	0.0852	0.6382	71	1000				
2026-08-28 02:23	h50_sparse_s_s1_best_e9	bbox	0.01	0.3863	0.0934	0.5986	71	1000				
2026-08-28 02:23	h50_sparse_s_s2_best_e15	bbox	0.02	0.3567	0.1178	0.5227	71	1000				
2026-08-28 02:23	interp_gt_a16_n_s1_best_e3	bbox	0.02	0.4497	0.1597	0.6700	71	1000				
2026-08-28 02:23	interp_gt_a2_n_s1_best_e2	bbox	0.10	0.4697	0.1819	0.6843	71	1000				
2026-08-28 02:23	interp_gt_a4_n_s1_best_e3	bbox	0.04	0.5160	0.2595	0.7119	71	1000				
2026-08-28 02:23	interp_gt_a8_n_s1_best_e2	bbox	0.03	0.4871	0.2038	0.6891	71	1000				
2026-08-28 02:23	interp_gt_s1_n_s1_best_e2	bbox	0.05	0.4678	0.1754	0.6555	71	1000				
2026-08-28 02:23	interp_gt_s1_n_s1_best_e2_sm1	bbox	0.04	0.4872	0.1906	0.6967	71	1000				
2026-08-28 02:23	interp_gt_s1_n_s1_best_e2_sm2	bbox	0.03	0.4929	0.2141	0.6901	71	1000				
2026-08-28 02:23	interp_gt_s1_n_s2_best_e2	bbox	0.07	0.5552	0.2749	0.7424	71	1000				
2026-08-28 02:23	interp_gt_s1_n_s2_best_e2_sm1	bbox	0.03	0.5808	0.2997	0.7623	71	1000				
2026-08-28 02:23	interp_gt_s1_n_s2_best_e2_sm2	bbox	0.03	0.5882	0.2987	0.7551	71	1000				
2026-08-28 02:23	interp_gt_s1_n_s3_best_e3	bbox	0.04	0.5002	0.2018	0.6898	71	1000				
2026-08-28 02:23	interp_gt_s1_n_s3_best_e3_sm1	bbox	0.02	0.5184	0.2317	0.7263	71	1000				
2026-08-28 02:23	interp_gt_s1_n_s3_best_e3_sm2	bbox	0.02	0.5201	0.1955	0.7117	71	1000				
2026-08-28 02:23	kd_bfi_x_n_s1_best_e17	bbox	0.02	0.4694	0.2207	0.6786	71	1000				
2026-08-28 02:23	kd_bfi_x_n_s2_best_e21	bbox	0.02	0.5273	0.2635	0.7059	71	1000				
2026-08-28 02:24	kd_bfi_x_n_s3_best_e22	bbox	0.01	0.5150	0.2428	0.6935	71	1000				
2026-08-28 02:24	kd_interp_n_s2_best_e2	bbox	0.05	0.4985	0.1853	0.6943	71	1000				
2026-08-28 02:24	kd_interp_n_s3_best_e3	bbox	0.04	0.5214	0.2382	0.6958	71	1000				
2026-08-28 02:24	kd_t1_n_s1_best_e3	bbox	0.03	0.5047	0.2114	0.6668	71	1000				
2026-08-28 02:24	kd_t1_n_s2_best_e3	bbox	0.04	0.5241	0.2273	0.7078	71	1000				
2026-08-28 02:24	kd_t1_n_s3_best_e2	bbox	0.03	0.5397	0.2819	0.7059	71	1000				
2026-08-28 02:24	t1_nano_k025_t015_s1_n_s1_best_e3	bbox	0.03	0.5311	0.2742	0.7046	71	1000				
2026-08-28 02:24	t1_nano_k025_t024_s1_keepempty_n_s1_best_e2	bbox	0.02	0.5095	0.2483	0.6848	71	1000				
2026-08-28 02:24	t1_nano_k025_t024_s1_n_s1_best_e2	bbox	0.04	0.5269	0.2606	0.6994	71	1000				
2026-08-28 02:24	t1_nano_k025_t024_s1_n_s1_best_e2_img384	bbox	0.04	0.5045	0.2472	0.6792	71	1000				
2026-08-28 02:24	t1_nano_k025_t024_s1_n_s1_best_e2_img512	bbox	0.05	0.4905	0.2237	0.6863	71	1000				
2026-08-28 02:24	t1_nano_k025_t024_s1_n_s1_best_e2_sm1	bbox	0.02	0.5487	0.2933	0.7261	71	1000				
2026-08-28 02:24	t1_nano_k025_t024_s1_n_s1_best_e2_sm2	bbox	0.02	0.5514	0.2816	0.7222	71	1000				
2026-08-28 02:24	t1_nano_k025_t024_s1_n_s2_best_e2	bbox	0.10	0.5256	0.2515	0.6912	71	1000				
2026-08-28 02:24	t1_nano_k025_t024_s1_n_s2_best_e2_img384	bbox	0.06	0.5339	0.2497	0.7084	71	1000				
2026-08-28 02:24	t1_nano_k025_t024_s1_n_s2_best_e2_img512	bbox	0.08	0.5351	0.2266	0.7173	71	1000				
2026-08-28 02:24	t1_nano_k025_t024_s1_n_s2_best_e2_sm1	bbox	0.03	0.5671	0.2837	0.7370	71	1000				
2026-08-28 02:24	t1_nano_k025_t024_s1_n_s2_best_e2_sm2	bbox	0.02	0.5722	0.3095	0.7402	71	1000				
2026-08-28 02:24	t1_nano_k025_t024_s1_n_s3_best_e2	bbox	0.07	0.5438	0.2817	0.7239	71	1000				
2026-08-28 02:24	t1_nano_k025_t024_s1_n_s3_best_e2_img384	bbox	0.05	0.5504	0.2987	0.7199	71	1000				
2026-08-28 02:24	t1_nano_k025_t024_s1_n_s3_best_e2_img512	bbox	0.03	0.5485	0.3032	0.7157	71	1000				
2026-08-28 02:24	t1_nano_k025_t024_s1_n_s3_best_e2_sm1	bbox	0.03	0.5687	0.2999	0.7304	71	1000				
2026-08-28 02:24	t1_nano_k025_t024_s1_n_s3_best_e2_sm2	bbox	0.06	0.5624	0.2920	0.7350	71	1000				
2026-08-28 02:24	t1_nano_k025_t024_s1_noneg_n_s1_best_e4	bbox	0.04	0.5213	0.2424	0.7026	71	1000				
2026-08-28 02:24	t1_nano_k025_t024_s1_noneg_n_s2_best_e3	bbox	0.05	0.4848	0.1921	0.6605	71	1000				
2026-08-28 02:24	t1_nano_k025_t024_s1_noneg_n_s3_best_e3	bbox	0.05	0.5480	0.2789	0.7171	71	1000				
2026-08-28 02:24	t1_nano_k025_t024_s1_s_s1_best_e1	bbox	0.09	0.5825	0.3665	0.7348	71	1000				
2026-08-28 02:25	t1_nano_k025_t024_s1_s_s1_best_e1_img384	bbox	0.06	0.5662	0.3557	0.7297	71	1000				
2026-08-28 02:25	t1_nano_k025_t024_s1_s_s1_best_e1_img512	bbox	0.11	0.5754	0.3510	0.7348	71	1000				
2026-08-28 02:25	t1_nano_k025_t024_s1_s_s1_best_e1_sm1	bbox	0.07	0.6035	0.3959	0.7545	71	1000				
2026-08-28 02:25	t1_nano_k025_t024_s1_s_s1_best_e1_sm2	bbox	0.08	0.6103	0.3999	0.7468	71	1000				
2026-08-28 02:25	t1_nano_k025_t024_s1_s_s2_best_e1	bbox	0.11	0.5475	0.3101	0.6931	71	1000				
2026-08-28 02:25	t1_nano_k025_t024_s1_s_s2_best_e1_img384	bbox	0.15	0.5766	0.3318	0.7300	71	1000				
2026-08-28 02:25	t1_nano_k025_t024_s1_s_s2_best_e1_img512	bbox	0.11	0.5392	0.2982	0.6797	71	1000				
2026-08-28 02:25	t1_nano_k025_t024_s1_s_s2_best_e1_sm1	bbox	0.08	0.5643	0.3237	0.7227	71	1000				
2026-08-28 02:25	t1_nano_k025_t024_s1_s_s2_best_e1_sm2	bbox	0.09	0.5671	0.3449	0.7179	71	1000				
2026-08-28 02:25	t1_nano_k025_t024_s1_s_s3_best_e3	bbox	0.02	0.5401	0.2663	0.7283	71	1000				
2026-08-28 02:25	t1_nano_k025_t024_s1_s_s3_best_e3_img384	bbox	0.02	0.5564	0.3115	0.7203	71	1000				
2026-08-28 02:25	t1_nano_k025_t024_s1_s_s3_best_e3_img512	bbox	0.03	0.5498	0.2826	0.7355	71	1000				
2026-08-28 02:25	t1_nano_k025_t024_s1_s_s3_best_e3_sm1	bbox	0.01	0.5582	0.3214	0.7367	71	1000				
2026-08-28 02:25	t1_nano_k025_t024_s1_s_s3_best_e3_sm2	bbox	0.01	0.5612	0.2955	0.7411	71	1000				
2026-08-28 02:25	t1_nano_k025_t024_s2_n_s1_best_e3	bbox	0.14	0.5370	0.2487	0.6982	71	1000				
2026-08-28 02:25	t1_nano_k025_t024_s2_n_s2_best_e25	bbox	0.02	0.4955	0.2150	0.6843	71	1000				
2026-08-28 02:25	t1_nano_k025_t024_s2_n_s3_best_e2	bbox	0.11	0.5093	0.2526	0.7041	71	1000				
2026-08-28 02:25	t1_nano_k025_t024_s4_n_s1_best_e4	bbox	0.09	0.4666	0.1619	0.6881	71	1000				
2026-08-28 02:25	t1_nano_k025_t024_s4_n_s2_best_e10	bbox	0.01	0.5211	0.2313	0.6955	71	1000				
2026-08-28 02:25	t1_nano_k025_t024_s4_n_s3_best_e24	bbox	0.02	0.5453	0.2544	0.7063	71	1000				
2026-08-28 02:25	t1_nano_k025_t035_s1_n_s1_best_e2	bbox	0.03	0.5430	0.2637	0.7057	71	1000				
2026-08-28 02:25	t1_nano_k0_t024_s1_n_s1_best_e2	bbox	0.04	0.5119	0.2514	0.7087	71	1000				
2026-08-28 02:25	t1_nano_k0_t024_s1_n_s2_best_e2	bbox	0.03	0.4954	0.2253	0.6459	71	1000				
2026-08-28 02:25	t1_nano_k0_t024_s1_n_s3_best_e2	bbox	0.05	0.5365	0.2649	0.7135	71	1000				
2026-08-28 02:25	t1_nanoadd_k025_t024_s1_n_s1_best_e24	bbox	0.04	0.5406	0.2235	0.7296	71	1000				
2026-08-28 02:25	t1s1_ft_canon_bfi_n_s1_best_e1	bbox	0.05	0.4627	0.1734	0.6703	71	1000				
2026-08-28 02:25	t1s1_ftlow_canon_bfi_n_s1_best_e6	bbox	0.01	0.4944	0.2521	0.6734	71	1000				
2026-08-28 02:26	t1s2_ftlow_canon_bfi_n_s2_best_e5	bbox	0.03	0.5355	0.2739	0.7199	71	1000				
2026-08-28 02:26	t1s3_ftlow_canon_bfi_n_s3_best_e5	bbox	0.02	0.5095	0.2862	0.6777	71	1000				
2026-08-28 02:26	h50_interp_s[pooled 2 seeds]	bbox		0.4192			71	1000	h50_sparse_s[pooled 2 seeds]	0.0477	-0.0003	0.0959
2026-08-28 06:49	canon_bfi_n_s1_best_e18	bbox_from_instance	0.03	0.4967	0.2605	0.6968	71	1000				
2026-08-28 06:49	canon_bfi_n_s1_best_e18_img384	bbox_from_instance	0.02	0.4900	0.2856	0.6581	71	1000				
2026-08-28 06:49	canon_bfi_n_s1_best_e18_img512	bbox_from_instance	0.03	0.4827	0.2537	0.6829	71	1000				
2026-08-28 06:49	canon_bfi_n_s1_best_e18_sm1	bbox_from_instance	0.02	0.5231	0.2835	0.7147	71	1000				
2026-08-28 06:49	canon_bfi_n_s1_best_e18_sm2	bbox_from_instance	0.02	0.5272	0.2929	0.7285	71	1000				
2026-08-28 06:49	canon_bfi_n_s2_best_e8	bbox_from_instance	0.04	0.5008	0.2567	0.6711	71	1000				
2026-08-28 06:49	canon_bfi_n_s2_best_e8_img384	bbox_from_instance	0.06	0.4882	0.2443	0.6709	71	1000				
2026-08-28 06:49	canon_bfi_n_s2_best_e8_img512	bbox_from_instance	0.08	0.4809	0.2304	0.6962	71	1000				
2026-08-28 06:49	canon_bfi_n_s2_best_e8_sm1	bbox_from_instance	0.02	0.5260	0.2938	0.6901	71	1000				
2026-08-28 06:49	canon_bfi_n_s2_best_e8_sm2	bbox_from_instance	0.01	0.5242	0.2972	0.6912	71	1000				
2026-08-28 06:49	canon_bfi_n_s3_best_e22	bbox_from_instance	0.04	0.4525	0.1904	0.6935	71	1000				
2026-08-28 06:49	canon_bfi_n_s3_best_e22_img384	bbox_from_instance	0.06	0.4749	0.2222	0.6876	71	1000				
2026-08-28 06:49	canon_bfi_n_s3_best_e22_img512	bbox_from_instance	0.06	0.4500	0.2059	0.6699	71	1000				
2026-08-28 06:49	canon_bfi_n_s3_best_e22_sm1	bbox_from_instance	0.03	0.4709	0.2077	0.7203	71	1000				
2026-08-28 06:50	canon_bfi_n_s3_best_e22_sm2	bbox_from_instance	0.04	0.4712	0.1930	0.7143	71	1000				
2026-08-28 06:50	canon_bfi_s_s1_best_e1	bbox_from_instance	0.05	0.5550	0.3505	0.7079	71	1000				
2026-08-28 06:50	canon_bfi_s_s1_best_e1_img384	bbox_from_instance	0.05	0.5229	0.3292	0.6489	71	1000				
2026-08-28 06:50	canon_bfi_s_s1_best_e1_img512	bbox_from_instance	0.05	0.5452	0.3297	0.6922	71	1000				
2026-08-28 06:50	canon_bfi_s_s2_best_e25	bbox_from_instance	0.01	0.4530	0.2115	0.6767	71	1000				
2026-08-28 06:50	canon_bfi_s_s2_best_e25_img384	bbox_from_instance	0.01	0.4705	0.2319	0.6638	71	1000				
2026-08-28 06:50	canon_bfi_s_s2_best_e25_img512	bbox_from_instance	0.03	0.4746	0.2106	0.6792	71	1000				
2026-08-28 06:50	canon_bfi_s_s3_best_e17	bbox_from_instance	0.03	0.4301	0.1371	0.6736	71	1000				
2026-08-28 06:50	canon_bfi_s_s3_best_e17_img384	bbox_from_instance	0.07	0.4537	0.1683	0.6474	71	1000				
2026-08-28 06:50	canon_bfi_s_s3_best_e17_img512	bbox_from_instance	0.07	0.4337	0.1482	0.6774	71	1000				
2026-08-28 06:50	h50_interp_n_s1_best_e6	bbox_from_instance	0.03	0.3878	0.1223	0.6533	71	1000				
2026-08-28 06:50	h50_interp_n_s2_best_e4	bbox_from_instance	0.03	0.3938	0.1221	0.6453	71	1000				
2026-08-28 06:50	h50_interp_n_s3_best_e6	bbox_from_instance	0.01	0.4103	0.1449	0.6405	71	1000				
2026-08-28 06:50	h50_interp_negall_n_s1_best_e3	bbox_from_instance	0.08	0.3817	0.1207	0.6499	71	1000				
2026-08-28 06:50	h50_interp_negall_n_s2_best_e3	bbox_from_instance	0.04	0.4200	0.1638	0.6364	71	1000				
2026-08-28 06:50	h50_interp_negall_n_s3_best_e3	bbox_from_instance	0.07	0.3548	0.1146	0.6051	71	1000				
2026-08-28 06:50	h50_interp_s_s1_best_e2	bbox_from_instance	0.02	0.4308	0.1894	0.6495	71	1000				
2026-08-28 06:50	h50_interp_s_s2_best_e3	bbox_from_instance	0.12	0.4013	0.1524	0.6150	71	1000				
2026-08-28 06:50	h50_sparse_n_s1_best_e35	bbox_from_instance	0.02	0.4133	0.1465	0.6377	71	1000				
2026-08-28 06:50	h50_sparse_n_s2_best_e24	bbox_from_instance	0.02	0.4189	0.1487	0.6534	71	1000				
2026-08-28 06:50	h50_sparse_n_s3_best_e31	bbox_from_instance	0.04	0.3391	0.0786	0.6045	71	1000				
2026-08-28 06:50	h50_sparse_s_s1_best_e9	bbox_from_instance	0.01	0.3747	0.1144	0.5783	71	1000				
2026-08-28 06:50	h50_sparse_s_s2_best_e15	bbox_from_instance	0.02	0.3449	0.1432	0.5032	71	1000				
2026-08-28 06:50	interp_gt_a16_n_s1_best_e3	bbox_from_instance	0.03	0.4325	0.1327	0.6771	71	1000				
2026-08-28 06:50	interp_gt_a2_n_s1_best_e2	bbox_from_instance	0.13	0.4703	0.1824	0.7008	71	1000				
2026-08-28 06:50	interp_gt_a4_n_s1_best_e3	bbox_from_instance	0.04	0.5204	0.2437	0.7207	71	1000				
2026-08-28 06:50	interp_gt_a8_n_s1_best_e2	bbox_from_instance	0.04	0.4740	0.1957	0.6943	71	1000				
2026-08-28 06:50	interp_gt_s1_n_s1_best_e2	bbox_from_instance	0.05	0.4713	0.1973	0.6642	71	1000				
2026-08-28 06:50	interp_gt_s1_n_s1_best_e2_sm1	bbox_from_instance	0.03	0.4994	0.2036	0.6839	71	1000				
2026-08-28 06:51	interp_gt_s1_n_s1_best_e2_sm2	bbox_from_instance	0.03	0.5041	0.2553	0.6997	71	1000				
2026-08-28 06:51	interp_gt_s1_n_s2_best_e2	bbox_from_instance	0.07	0.5518	0.2843	0.7332	71	1000				
2026-08-28 06:51	interp_gt_s1_n_s2_best_e2_sm1	bbox_from_instance	0.03	0.5823	0.3172	0.7627	71	1000				
2026-08-28 06:51	interp_gt_s1_n_s2_best_e2_sm2	bbox_from_instance	0.03	0.5905	0.3190	0.7696	71	1000				
2026-08-28 06:51	interp_gt_s1_n_s3_best_e3	bbox_from_instance	0.03	0.4987	0.2424	0.6904	71	1000				
2026-08-28 06:51	interp_gt_s1_n_s3_best_e3_sm1	bbox_from_instance	0.03	0.5194	0.2291	0.7149	71	1000				
2026-08-28 06:51	interp_gt_s1_n_s3_best_e3_sm2	bbox_from_instance	0.03	0.5237	0.2250	0.7096	71	1000				
2026-08-28 06:51	kd_bfi_x_n_s1_best_e17	bbox_from_instance	0.02	0.4609	0.1821	0.6799	71	1000				
2026-08-28 06:51	kd_bfi_x_n_s2_best_e21	bbox_from_instance	0.02	0.4889	0.2398	0.6951	71	1000				
2026-08-28 06:51	kd_bfi_x_n_s3_best_e22	bbox_from_instance	0.02	0.4918	0.2155	0.6942	71	1000				
2026-08-28 06:51	kd_interp_n_s2_best_e2	bbox_from_instance	0.04	0.5005	0.2338	0.6859	71	1000				
2026-08-28 06:51	kd_interp_n_s3_best_e3	bbox_from_instance	0.03	0.5015	0.2563	0.6910	71	1000				
2026-08-28 06:51	kd_t1_n_s1_best_e3	bbox_from_instance	0.03	0.4945	0.2509	0.6608	71	1000				
2026-08-28 06:51	kd_t1_n_s2_best_e3	bbox_from_instance	0.04	0.5051	0.2465	0.6970	71	1000				
2026-08-28 06:51	kd_t1_n_s3_best_e2	bbox_from_instance	0.03	0.5351	0.2766	0.6888	71	1000				
2026-08-28 06:51	t1_nano_k025_t015_s1_n_s1_best_e3	bbox_from_instance	0.03	0.5256	0.3049	0.7071	71	1000				
2026-08-28 06:51	t1_nano_k025_t024_s1_keepempty_n_s1_best_e2	bbox_from_instance	0.02	0.5064	0.2548	0.7009	71	1000				
2026-08-28 06:51	t1_nano_k025_t024_s1_n_s1_best_e2	bbox_from_instance	0.04	0.5130	0.2681	0.7089	71	1000				
2026-08-28 06:51	t1_nano_k025_t024_s1_n_s1_best_e2_img384	bbox_from_instance	0.04	0.4976	0.2514	0.6640	71	1000				
2026-08-28 06:51	t1_nano_k025_t024_s1_n_s1_best_e2_img512	bbox_from_instance	0.05	0.4945	0.2209	0.6962	71	1000				
2026-08-28 06:51	t1_nano_k025_t024_s1_n_s1_best_e2_sm1	bbox_from_instance	0.02	0.5337	0.2795	0.7179	71	1000				
2026-08-28 06:51	t1_nano_k025_t024_s1_n_s1_best_e2_sm2	bbox_from_instance	0.02	0.5365	0.2883	0.7104	71	1000				
2026-08-28 06:51	t1_nano_k025_t024_s1_n_s2_best_e2	bbox_from_instance	0.06	0.5274	0.2657	0.7056	71	1000				
2026-08-28 06:51	t1_nano_k025_t024_s1_n_s2_best_e2_img384	bbox_from_instance	0.08	0.5276	0.2457	0.7047	71	1000				
2026-08-28 06:51	t1_nano_k025_t024_s1_n_s2_best_e2_img512	bbox_from_instance	0.08	0.5307	0.2559	0.7331	71	1000				
2026-08-28 06:51	t1_nano_k025_t024_s1_n_s2_best_e2_sm1	bbox_from_instance	0.03	0.5650	0.2926	0.7275	71	1000				
2026-08-28 06:51	t1_nano_k025_t024_s1_n_s2_best_e2_sm2	bbox_from_instance	0.03	0.5696	0.3192	0.7313	71	1000				
2026-08-28 06:51	t1_nano_k025_t024_s1_n_s3_best_e2	bbox_from_instance	0.07	0.5520	0.2904	0.7460	71	1000				
2026-08-28 06:51	t1_nano_k025_t024_s1_n_s3_best_e2_img384	bbox_from_instance	0.05	0.5545	0.2917	0.7334	71	1000				
2026-08-28 06:52	t1_nano_k025_t024_s1_n_s3_best_e2_img512	bbox_from_instance	0.05	0.5465	0.2919	0.7287	71	1000				
2026-08-28 06:52	t1_nano_k025_t024_s1_n_s3_best_e2_sm1	bbox_from_instance	0.05	0.5730	0.2980	0.7489	71	1000				
2026-08-28 06:52	t1_nano_k025_t024_s1_n_s3_best_e2_sm2	bbox_from_instance	0.06	0.5732	0.2963	0.7571	71	1000				
2026-08-28 06:52	t1_nano_k025_t024_s1_noneg_n_s1_best_e4	bbox_from_instance	0.04	0.4994	0.2086	0.7052	71	1000				
2026-08-28 06:52	t1_nano_k025_t024_s1_noneg_n_s2_best_e3	bbox_from_instance	0.05	0.4671	0.1936	0.6751	71	1000				
2026-08-28 06:52	t1_nano_k025_t024_s1_noneg_n_s3_best_e3	bbox_from_instance	0.05	0.5380	0.2968	0.7110	71	1000				
2026-08-28 06:52	t1_nano_k025_t024_s1_s_s1_best_e1	bbox_from_instance	0.09	0.5670	0.3812	0.7201	71	1000				
2026-08-28 06:52	t1_nano_k025_t024_s1_s_s1_best_e1_img384	bbox_from_instance	0.06	0.5900	0.3881	0.7355	71	1000				
2026-08-28 06:52	t1_nano_k025_t024_s1_s_s1_best_e1_img512	bbox_from_instance	0.11	0.5803	0.3660	0.7307	71	1000				
2026-08-28 06:52	t1_nano_k025_t024_s1_s_s1_best_e1_sm1	bbox_from_instance	0.07	0.5909	0.4035	0.7372	71	1000				
2026-08-28 06:52	t1_nano_k025_t024_s1_s_s1_best_e1_sm2	bbox_from_instance	0.08	0.5974	0.4079	0.7423	71	1000				
2026-08-28 06:52	t1_nano_k025_t024_s1_s_s2_best_e1	bbox_from_instance	0.09	0.5371	0.3281	0.6800	71	1000				
2026-08-28 06:52	t1_nano_k025_t024_s1_s_s2_best_e1_img384	bbox_from_instance	0.11	0.5764	0.3799	0.7208	71	1000				
2026-08-28 06:52	t1_nano_k025_t024_s1_s_s2_best_e1_img512	bbox_from_instance	0.10	0.5268	0.3350	0.6604	71	1000				
2026-08-28 06:52	t1_nano_k025_t024_s1_s_s2_best_e1_sm1	bbox_from_instance	0.05	0.5526	0.3543	0.6958	71	1000				
2026-08-28 06:52	t1_nano_k025_t024_s1_s_s2_best_e1_sm2	bbox_from_instance	0.06	0.5558	0.3501	0.7092	71	1000				
2026-08-28 06:52	t1_nano_k025_t024_s1_s_s3_best_e3	bbox_from_instance	0.01	0.5455	0.3032	0.7037	71	1000				
2026-08-28 06:52	t1_nano_k025_t024_s1_s_s3_best_e3_img384	bbox_from_instance	0.02	0.5667	0.3334	0.7249	71	1000				
2026-08-28 06:52	t1_nano_k025_t024_s1_s_s3_best_e3_img512	bbox_from_instance	0.02	0.5515	0.2934	0.7385	71	1000				
2026-08-28 06:52	t1_nano_k025_t024_s1_s_s3_best_e3_sm1	bbox_from_instance	0.01	0.5680	0.3018	0.7386	71	1000				
2026-08-28 06:52	t1_nano_k025_t024_s1_s_s3_best_e3_sm2	bbox_from_instance	0.01	0.5720	0.3241	0.7415	71	1000				
2026-08-28 06:52	t1_nano_k025_t024_s2_n_s1_best_e3	bbox_from_instance	0.13	0.5336	0.2790	0.7068	71	1000				
2026-08-28 06:52	t1_nano_k025_t024_s2_n_s2_best_e25	bbox_from_instance	0.02	0.4844	0.2165	0.7081	71	1000				
2026-08-28 06:52	t1_nano_k025_t024_s2_n_s3_best_e2	bbox_from_instance	0.06	0.5414	0.3123	0.7134	71	1000				
2026-08-28 06:53	t1_nano_k025_t024_s4_n_s1_best_e4	bbox_from_instance	0.07	0.4655	0.1966	0.6863	71	1000				
2026-08-28 06:53	t1_nano_k025_t024_s4_n_s2_best_e10	bbox_from_instance	0.01	0.5159	0.2857	0.6886	71	1000				
2026-08-28 06:53	t1_nano_k025_t024_s4_n_s3_best_e24	bbox_from_instance	0.03	0.5444	0.2849	0.7234	71	1000				
2026-08-28 06:53	t1_nano_k025_t035_s1_n_s1_best_e2	bbox_from_instance	0.03	0.5351	0.3107	0.6932	71	1000				
2026-08-28 06:53	t1_nano_k0_t024_s1_n_s1_best_e2	bbox_from_instance	0.04	0.4966	0.2343	0.6975	71	1000				
2026-08-28 06:53	t1_nano_k0_t024_s1_n_s2_best_e2	bbox_from_instance	0.03	0.4912	0.2316	0.6524	71	1000				
2026-08-28 06:53	t1_nano_k0_t024_s1_n_s3_best_e2	bbox_from_instance	0.05	0.5468	0.2852	0.7136	71	1000				
2026-08-28 06:53	t1_nanoadd_k025_t024_s1_n_s1_best_e24	bbox_from_instance	0.04	0.5402	0.2764	0.7192	71	1000				
2026-08-28 06:53	t1s1_ft_canon_bfi_n_s1_best_e1	bbox_from_instance	0.05	0.4451	0.1950	0.6529	71	1000				
2026-08-28 06:53	t1s1_ftlow_canon_bfi_n_s1_best_e6	bbox_from_instance	0.01	0.4803	0.2540	0.6809	71	1000				
2026-08-28 06:53	t1s2_ftlow_canon_bfi_n_s2_best_e5	bbox_from_instance	0.03	0.5134	0.2505	0.6998	71	1000				
2026-08-28 06:53	t1s3_ftlow_canon_bfi_n_s3_best_e5	bbox_from_instance	0.02	0.5218	0.2882	0.6879	71	1000				
2026-08-28 06:53	h50_interp_n[pooled 3 seeds]	bbox_from_instance		0.3975			71	1000	h50_sparse_n[pooled 3 seeds]	0.0056	-0.0424	0.0389
2026-08-28 06:53	h50_interp_negall_n[pooled 3 seeds]	bbox_from_instance		0.3861			71	1000	h50_interp_n[pooled 3 seeds]	-0.0114	-0.0560	0.0739
2026-08-28 06:53	h50_interp_s[pooled 2 seeds]	bbox_from_instance		0.4165			71	1000	h50_sparse_s[pooled 2 seeds]	0.0566	0.0054	0.1085
2026-08-28 06:53	canon_bfi_n_s1_best_e18	bbox	0.03	0.5198	0.2889	0.7020	71	1000				
2026-08-28 06:53	canon_bfi_n_s1_best_e18_img384	bbox	0.02	0.5272	0.3007	0.6895	71	1000				
2026-08-28 06:53	canon_bfi_n_s1_best_e18_img512	bbox	0.03	0.5099	0.2720	0.7058	71	1000				
2026-08-28 06:53	canon_bfi_n_s1_best_e18_sm1	bbox	0.01	0.5574	0.3321	0.7388	71	1000				
2026-08-28 06:53	canon_bfi_n_s1_best_e18_sm2	bbox	0.01	0.5633	0.3361	0.7474	71	1000				
2026-08-28 06:53	canon_bfi_n_s2_best_e8	bbox	0.06	0.5177	0.2292	0.7015	71	1000				
2026-08-28 06:53	canon_bfi_n_s2_best_e8_img384	bbox	0.05	0.5181	0.2365	0.6847	71	1000				
2026-08-28 06:53	canon_bfi_n_s2_best_e8_img512	bbox	0.08	0.5000	0.2049	0.6824	71	1000				
2026-08-28 06:53	canon_bfi_n_s2_best_e8_sm1	bbox	0.02	0.5430	0.2514	0.7103	71	1000				
2026-08-28 06:53	canon_bfi_n_s2_best_e8_sm2	bbox	0.02	0.5493	0.2631	0.7197	71	1000				
2026-08-28 06:53	canon_bfi_n_s3_best_e22	bbox	0.04	0.4631	0.2018	0.6728	71	1000				
2026-08-28 06:53	canon_bfi_n_s3_best_e22_img384	bbox	0.04	0.5147	0.2441	0.6893	71	1000				
2026-08-28 06:53	canon_bfi_n_s3_best_e22_img512	bbox	0.06	0.4741	0.2024	0.7011	71	1000				
2026-08-28 06:53	canon_bfi_n_s3_best_e22_sm1	bbox	0.03	0.4804	0.2021	0.7006	71	1000				
2026-08-28 06:53	canon_bfi_n_s3_best_e22_sm2	bbox	0.05	0.4792	0.2089	0.6963	71	1000				
2026-08-28 06:53	canon_bfi_s_s1_best_e1	bbox	0.07	0.5470	0.3073	0.7247	71	1000				
2026-08-28 06:53	canon_bfi_s_s1_best_e1_img384	bbox	0.05	0.5032	0.2813	0.6371	71	1000				
2026-08-28 06:53	canon_bfi_s_s1_best_e1_img512	bbox	0.05	0.5341	0.2932	0.6972	71	1000				
2026-08-28 06:54	canon_bfi_s_s2_best_e25	bbox	0.02	0.4821	0.2200	0.6965	71	1000				
2026-08-28 06:54	canon_bfi_s_s2_best_e25_img384	bbox	0.01	0.4958	0.2312	0.6747	71	1000				
2026-08-28 06:54	canon_bfi_s_s2_best_e25_img512	bbox	0.03	0.5064	0.2286	0.6935	71	1000				
2026-08-28 06:54	canon_bfi_s_s3_best_e17	bbox	0.03	0.4663	0.1744	0.6733	71	1000				
2026-08-28 06:54	canon_bfi_s_s3_best_e17_img384	bbox	0.07	0.4856	0.2064	0.6729	71	1000				
2026-08-28 06:54	canon_bfi_s_s3_best_e17_img512	bbox	0.08	0.4697	0.1810	0.6698	71	1000				
2026-08-28 06:54	h50_interp_n_s1_best_e6	bbox	0.03	0.4115	0.1123	0.6644	71	1000				
2026-08-28 06:54	h50_interp_n_s2_best_e4	bbox	0.03	0.4178	0.1254	0.6570	71	1000				
2026-08-28 06:54	h50_interp_n_s3_best_e6	bbox	0.06	0.3969	0.1180	0.6398	71	1000				
2026-08-28 06:54	h50_interp_negall_n_s1_best_e3	bbox	0.08	0.4042	0.1039	0.6422	71	1000				
2026-08-28 06:54	h50_interp_negall_n_s2_best_e3	bbox	0.04	0.4375	0.1533	0.6451	71	1000				
2026-08-28 06:54	h50_interp_negall_n_s3_best_e3	bbox	0.06	0.4019	0.1219	0.6439	71	1000				
2026-08-28 06:54	h50_interp_s_s1_best_e2	bbox	0.02	0.4078	0.1325	0.6328	71	1000				
2026-08-28 06:54	h50_interp_s_s2_best_e3	bbox	0.12	0.4314	0.1406	0.6418	71	1000				
2026-08-28 06:54	h50_sparse_n_s1_best_e35	bbox	0.02	0.4251	0.1398	0.6416	71	1000				
2026-08-28 06:54	h50_sparse_n_s2_best_e24	bbox	0.02	0.4392	0.1446	0.6759	71	1000				
2026-08-28 06:54	h50_sparse_n_s3_best_e31	bbox	0.04	0.3756	0.0852	0.6382	71	1000				
2026-08-28 06:54	h50_sparse_s_s1_best_e9	bbox	0.01	0.3863	0.0934	0.5986	71	1000				
2026-08-28 06:54	h50_sparse_s_s2_best_e15	bbox	0.02	0.3567	0.1178	0.5227	71	1000				
2026-08-28 06:54	interp_gt_a16_n_s1_best_e3	bbox	0.02	0.4497	0.1597	0.6700	71	1000				
2026-08-28 06:54	interp_gt_a2_n_s1_best_e2	bbox	0.10	0.4697	0.1819	0.6843	71	1000				
2026-08-28 06:54	interp_gt_a4_n_s1_best_e3	bbox	0.04	0.5160	0.2595	0.7119	71	1000				
2026-08-28 06:54	interp_gt_a8_n_s1_best_e2	bbox	0.03	0.4871	0.2038	0.6891	71	1000				
2026-08-28 06:54	interp_gt_s1_n_s1_best_e2	bbox	0.05	0.4678	0.1754	0.6555	71	1000				
2026-08-28 06:54	interp_gt_s1_n_s1_best_e2_sm1	bbox	0.04	0.4872	0.1906	0.6967	71	1000				
2026-08-28 06:54	interp_gt_s1_n_s1_best_e2_sm2	bbox	0.03	0.4929	0.2141	0.6901	71	1000				
2026-08-28 06:54	interp_gt_s1_n_s2_best_e2	bbox	0.07	0.5552	0.2749	0.7424	71	1000				
2026-08-28 06:54	interp_gt_s1_n_s2_best_e2_sm1	bbox	0.03	0.5808	0.2997	0.7623	71	1000				
2026-08-28 06:54	interp_gt_s1_n_s2_best_e2_sm2	bbox	0.03	0.5882	0.2987	0.7551	71	1000				
2026-08-28 06:54	interp_gt_s1_n_s3_best_e3	bbox	0.04	0.5002	0.2018	0.6898	71	1000				
2026-08-28 06:54	interp_gt_s1_n_s3_best_e3_sm1	bbox	0.02	0.5184	0.2317	0.7263	71	1000				
2026-08-28 06:54	interp_gt_s1_n_s3_best_e3_sm2	bbox	0.02	0.5201	0.1955	0.7117	71	1000				
2026-08-28 06:54	kd_bfi_x_n_s1_best_e17	bbox	0.02	0.4694	0.2207	0.6786	71	1000				
2026-08-28 06:55	kd_bfi_x_n_s2_best_e21	bbox	0.02	0.5273	0.2635	0.7059	71	1000				
2026-08-28 06:55	kd_bfi_x_n_s3_best_e22	bbox	0.01	0.5150	0.2428	0.6935	71	1000				
2026-08-28 06:55	kd_interp_n_s2_best_e2	bbox	0.05	0.4985	0.1853	0.6943	71	1000				
2026-08-28 06:55	kd_interp_n_s3_best_e3	bbox	0.04	0.5214	0.2382	0.6958	71	1000				
2026-08-28 06:55	kd_t1_n_s1_best_e3	bbox	0.03	0.5047	0.2114	0.6668	71	1000				
2026-08-28 06:55	kd_t1_n_s2_best_e3	bbox	0.04	0.5241	0.2273	0.7078	71	1000				
2026-08-28 06:55	kd_t1_n_s3_best_e2	bbox	0.03	0.5397	0.2819	0.7059	71	1000				
2026-08-28 06:55	t1_nano_k025_t015_s1_n_s1_best_e3	bbox	0.03	0.5311	0.2742	0.7046	71	1000				
2026-08-28 06:55	t1_nano_k025_t024_s1_keepempty_n_s1_best_e2	bbox	0.02	0.5095	0.2483	0.6848	71	1000				
2026-08-28 06:55	t1_nano_k025_t024_s1_n_s1_best_e2	bbox	0.04	0.5269	0.2606	0.6994	71	1000				
2026-08-28 06:55	t1_nano_k025_t024_s1_n_s1_best_e2_img384	bbox	0.04	0.5045	0.2472	0.6792	71	1000				
2026-08-28 06:55	t1_nano_k025_t024_s1_n_s1_best_e2_img512	bbox	0.05	0.4905	0.2237	0.6863	71	1000				
2026-08-28 06:55	t1_nano_k025_t024_s1_n_s1_best_e2_sm1	bbox	0.02	0.5487	0.2933	0.7261	71	1000				
2026-08-28 06:55	t1_nano_k025_t024_s1_n_s1_best_e2_sm2	bbox	0.02	0.5514	0.2816	0.7222	71	1000				
2026-08-28 06:55	t1_nano_k025_t024_s1_n_s2_best_e2	bbox	0.10	0.5256	0.2515	0.6912	71	1000				
2026-08-28 06:55	t1_nano_k025_t024_s1_n_s2_best_e2_img384	bbox	0.06	0.5339	0.2497	0.7084	71	1000				
2026-08-28 06:55	t1_nano_k025_t024_s1_n_s2_best_e2_img512	bbox	0.08	0.5351	0.2266	0.7173	71	1000				
2026-08-28 06:55	t1_nano_k025_t024_s1_n_s2_best_e2_sm1	bbox	0.03	0.5671	0.2837	0.7370	71	1000				
2026-08-28 06:55	t1_nano_k025_t024_s1_n_s2_best_e2_sm2	bbox	0.02	0.5722	0.3095	0.7402	71	1000				
2026-08-28 06:55	t1_nano_k025_t024_s1_n_s3_best_e2	bbox	0.07	0.5438	0.2817	0.7239	71	1000				
2026-08-28 06:55	t1_nano_k025_t024_s1_n_s3_best_e2_img384	bbox	0.05	0.5504	0.2987	0.7199	71	1000				
2026-08-28 06:55	t1_nano_k025_t024_s1_n_s3_best_e2_img512	bbox	0.03	0.5485	0.3032	0.7157	71	1000				
2026-08-28 06:55	t1_nano_k025_t024_s1_n_s3_best_e2_sm1	bbox	0.03	0.5687	0.2999	0.7304	71	1000				
2026-08-28 06:55	t1_nano_k025_t024_s1_n_s3_best_e2_sm2	bbox	0.06	0.5624	0.2920	0.7350	71	1000				
2026-08-28 06:55	t1_nano_k025_t024_s1_noneg_n_s1_best_e4	bbox	0.04	0.5213	0.2424	0.7026	71	1000				
2026-08-28 06:55	t1_nano_k025_t024_s1_noneg_n_s2_best_e3	bbox	0.05	0.4848	0.1921	0.6605	71	1000				
2026-08-28 06:55	t1_nano_k025_t024_s1_noneg_n_s3_best_e3	bbox	0.05	0.5480	0.2789	0.7171	71	1000				
2026-08-28 06:55	t1_nano_k025_t024_s1_s_s1_best_e1	bbox	0.09	0.5825	0.3665	0.7348	71	1000				
2026-08-28 06:55	t1_nano_k025_t024_s1_s_s1_best_e1_img384	bbox	0.06	0.5662	0.3557	0.7297	71	1000				
2026-08-28 06:56	t1_nano_k025_t024_s1_s_s1_best_e1_img512	bbox	0.11	0.5754	0.3510	0.7348	71	1000				
2026-08-28 06:56	t1_nano_k025_t024_s1_s_s1_best_e1_sm1	bbox	0.07	0.6035	0.3959	0.7545	71	1000				
2026-08-28 06:56	t1_nano_k025_t024_s1_s_s1_best_e1_sm2	bbox	0.08	0.6103	0.3999	0.7468	71	1000				
2026-08-28 06:56	t1_nano_k025_t024_s1_s_s2_best_e1	bbox	0.11	0.5475	0.3101	0.6931	71	1000				
2026-08-28 06:56	t1_nano_k025_t024_s1_s_s2_best_e1_img384	bbox	0.15	0.5766	0.3318	0.7300	71	1000				
2026-08-28 06:56	t1_nano_k025_t024_s1_s_s2_best_e1_img512	bbox	0.11	0.5392	0.2982	0.6797	71	1000				
2026-08-28 06:56	t1_nano_k025_t024_s1_s_s2_best_e1_sm1	bbox	0.08	0.5643	0.3237	0.7227	71	1000				
2026-08-28 06:56	t1_nano_k025_t024_s1_s_s2_best_e1_sm2	bbox	0.09	0.5671	0.3449	0.7179	71	1000				
2026-08-28 06:56	t1_nano_k025_t024_s1_s_s3_best_e3	bbox	0.02	0.5401	0.2663	0.7283	71	1000				
2026-08-28 06:56	t1_nano_k025_t024_s1_s_s3_best_e3_img384	bbox	0.02	0.5564	0.3115	0.7203	71	1000				
2026-08-28 06:56	t1_nano_k025_t024_s1_s_s3_best_e3_img512	bbox	0.03	0.5498	0.2826	0.7355	71	1000				
2026-08-28 06:56	t1_nano_k025_t024_s1_s_s3_best_e3_sm1	bbox	0.01	0.5582	0.3214	0.7367	71	1000				
2026-08-28 06:56	t1_nano_k025_t024_s1_s_s3_best_e3_sm2	bbox	0.01	0.5612	0.2955	0.7411	71	1000				
2026-08-28 06:56	t1_nano_k025_t024_s2_n_s1_best_e3	bbox	0.14	0.5370	0.2487	0.6982	71	1000				
2026-08-28 06:56	t1_nano_k025_t024_s2_n_s2_best_e25	bbox	0.02	0.4955	0.2150	0.6843	71	1000				
2026-08-28 06:56	t1_nano_k025_t024_s2_n_s3_best_e2	bbox	0.11	0.5093	0.2526	0.7041	71	1000				
2026-08-28 06:56	t1_nano_k025_t024_s4_n_s1_best_e4	bbox	0.09	0.4666	0.1619	0.6881	71	1000				
2026-08-28 06:56	t1_nano_k025_t024_s4_n_s2_best_e10	bbox	0.01	0.5211	0.2313	0.6955	71	1000				
2026-08-28 06:56	t1_nano_k025_t024_s4_n_s3_best_e24	bbox	0.02	0.5453	0.2544	0.7063	71	1000				
2026-08-28 06:56	t1_nano_k025_t035_s1_n_s1_best_e2	bbox	0.03	0.5430	0.2637	0.7057	71	1000				
2026-08-28 06:56	t1_nano_k0_t024_s1_n_s1_best_e2	bbox	0.04	0.5119	0.2514	0.7087	71	1000				
2026-08-28 06:56	t1_nano_k0_t024_s1_n_s2_best_e2	bbox	0.03	0.4954	0.2253	0.6459	71	1000				
2026-08-28 06:56	t1_nano_k0_t024_s1_n_s3_best_e2	bbox	0.05	0.5365	0.2649	0.7135	71	1000				
2026-08-28 06:56	t1_nanoadd_k025_t024_s1_n_s1_best_e24	bbox	0.04	0.5406	0.2235	0.7296	71	1000				
2026-08-28 06:56	t1s1_ft_canon_bfi_n_s1_best_e1	bbox	0.05	0.4627	0.1734	0.6703	71	1000				
2026-08-28 06:56	t1s1_ftlow_canon_bfi_n_s1_best_e6	bbox	0.01	0.4944	0.2521	0.6734	71	1000				
2026-08-28 06:56	t1s2_ftlow_canon_bfi_n_s2_best_e5	bbox	0.03	0.5355	0.2739	0.7199	71	1000				
2026-08-28 06:56	t1s3_ftlow_canon_bfi_n_s3_best_e5	bbox	0.02	0.5095	0.2862	0.6777	71	1000				
2026-08-28 06:56	h50_interp_n[pooled 3 seeds]	bbox		0.4088			71	1000	h50_sparse_n[pooled 3 seeds]	-0.0055	-0.0475	0.0240
2026-08-28 06:56	h50_interp_negall_n[pooled 3 seeds]	bbox		0.4149			71	1000	h50_interp_n[pooled 3 seeds]	0.0060	-0.0304	0.0618
2026-08-28 06:56	h50_interp_s[pooled 2 seeds]	bbox		0.4192			71	1000	h50_sparse_s[pooled 2 seeds]	0.0477	-0.0003	0.0959
2026-08-29 13:38	canon_bfi_n_s1_best_e18	bbox_from_instance	0.03	0.4967	0.2605	0.6968	71	1000				
2026-08-29 13:38	canon_bfi_n_s1_best_e18_img384	bbox_from_instance	0.02	0.4900	0.2856	0.6581	71	1000				
2026-08-29 13:38	canon_bfi_n_s1_best_e18_img512	bbox_from_instance	0.03	0.4827	0.2537	0.6829	71	1000				
2026-08-29 13:38	canon_bfi_n_s1_best_e18_sm1	bbox_from_instance	0.02	0.5231	0.2835	0.7147	71	1000				
2026-08-29 13:38	canon_bfi_n_s1_best_e18_sm2	bbox_from_instance	0.02	0.5272	0.2929	0.7285	71	1000				
2026-08-29 13:38	canon_bfi_n_s2_best_e8	bbox_from_instance	0.04	0.5008	0.2567	0.6711	71	1000				
2026-08-29 13:38	canon_bfi_n_s2_best_e8_img384	bbox_from_instance	0.06	0.4882	0.2443	0.6709	71	1000				
2026-08-29 13:38	canon_bfi_n_s2_best_e8_img512	bbox_from_instance	0.08	0.4809	0.2304	0.6962	71	1000				
2026-08-29 13:38	canon_bfi_n_s2_best_e8_sm1	bbox_from_instance	0.02	0.5260	0.2938	0.6901	71	1000				
2026-08-29 13:38	canon_bfi_n_s2_best_e8_sm2	bbox_from_instance	0.01	0.5242	0.2972	0.6912	71	1000				
2026-08-29 13:39	canon_bfi_n_s3_best_e22	bbox_from_instance	0.04	0.4525	0.1904	0.6935	71	1000				
2026-08-29 13:39	canon_bfi_n_s3_best_e22_img384	bbox_from_instance	0.06	0.4749	0.2222	0.6876	71	1000				
2026-08-29 13:39	canon_bfi_n_s3_best_e22_img512	bbox_from_instance	0.06	0.4500	0.2059	0.6699	71	1000				
2026-08-29 13:39	canon_bfi_n_s3_best_e22_sm1	bbox_from_instance	0.03	0.4709	0.2077	0.7203	71	1000				
2026-08-29 13:39	canon_bfi_n_s3_best_e22_sm2	bbox_from_instance	0.04	0.4712	0.1930	0.7143	71	1000				
2026-08-29 13:39	canon_bfi_s_s1_best_e1	bbox_from_instance	0.05	0.5550	0.3505	0.7079	71	1000				
2026-08-29 13:39	canon_bfi_s_s1_best_e1_img384	bbox_from_instance	0.05	0.5229	0.3292	0.6489	71	1000				
2026-08-29 13:39	canon_bfi_s_s1_best_e1_img512	bbox_from_instance	0.05	0.5452	0.3297	0.6922	71	1000				
2026-08-29 13:39	canon_bfi_s_s2_best_e25	bbox_from_instance	0.01	0.4530	0.2115	0.6767	71	1000				
2026-08-29 13:39	canon_bfi_s_s2_best_e25_img384	bbox_from_instance	0.01	0.4705	0.2319	0.6638	71	1000				
2026-08-29 13:39	canon_bfi_s_s2_best_e25_img512	bbox_from_instance	0.03	0.4746	0.2106	0.6792	71	1000				
2026-08-29 13:39	canon_bfi_s_s3_best_e17	bbox_from_instance	0.03	0.4301	0.1371	0.6736	71	1000				
2026-08-29 13:39	canon_bfi_s_s3_best_e17_img384	bbox_from_instance	0.07	0.4537	0.1683	0.6474	71	1000				
2026-08-29 13:39	canon_bfi_s_s3_best_e17_img512	bbox_from_instance	0.07	0.4337	0.1482	0.6774	71	1000				
2026-08-29 13:39	h50_interp_n_s1_best_e6	bbox_from_instance	0.03	0.3878	0.1223	0.6533	71	1000				
2026-08-29 13:39	h50_interp_n_s2_best_e4	bbox_from_instance	0.03	0.3938	0.1221	0.6453	71	1000				
2026-08-29 13:39	h50_interp_n_s3_best_e6	bbox_from_instance	0.01	0.4103	0.1449	0.6405	71	1000				
2026-08-29 13:39	h50_interp_negall_n_s1_best_e3	bbox_from_instance	0.08	0.3817	0.1207	0.6499	71	1000				
2026-08-29 13:39	h50_interp_negall_n_s2_best_e3	bbox_from_instance	0.04	0.4200	0.1638	0.6364	71	1000				
2026-08-29 13:39	h50_interp_negall_n_s3_best_e3	bbox_from_instance	0.07	0.3548	0.1146	0.6051	71	1000				
2026-08-29 13:39	h50_interp_s_s1_best_e2	bbox_from_instance	0.02	0.4308	0.1894	0.6495	71	1000				
2026-08-29 13:39	h50_interp_s_s2_best_e3	bbox_from_instance	0.12	0.4013	0.1524	0.6150	71	1000				
2026-08-29 13:39	h50_sparse_n_s1_best_e35	bbox_from_instance	0.02	0.4133	0.1465	0.6377	71	1000				
2026-08-29 13:39	h50_sparse_n_s2_best_e24	bbox_from_instance	0.02	0.4189	0.1487	0.6534	71	1000				
2026-08-29 13:39	h50_sparse_n_s3_best_e31	bbox_from_instance	0.04	0.3391	0.0786	0.6045	71	1000				
2026-08-29 13:39	h50_sparse_s_s1_best_e9	bbox_from_instance	0.01	0.3747	0.1144	0.5783	71	1000				
2026-08-29 13:39	h50_sparse_s_s2_best_e15	bbox_from_instance	0.02	0.3449	0.1432	0.5032	71	1000				
2026-08-29 13:39	h50_teacher_dropempty_n_s1_best_e3	bbox_from_instance	0.11	0.4660	0.2076	0.6870	71	1000				
2026-08-29 13:40	h50_teacher_n_s1_best_e2	bbox_from_instance	0.05	0.4716	0.2146	0.6659	71	1000				
2026-08-29 13:40	h50_teacher_n_s2_best_e2	bbox_from_instance	0.07	0.4518	0.2095	0.6765	71	1000				
2026-08-29 13:40	h50_teacher_n_s3_best_e3	bbox_from_instance	0.05	0.4512	0.1875	0.6628	71	1000				
2026-08-29 13:40	interp_gt_a16_n_s1_best_e3	bbox_from_instance	0.03	0.4325	0.1342	0.6664	71	1000				
2026-08-29 13:40	interp_gt_a2_n_s1_best_e2	bbox_from_instance	0.13	0.4703	0.1798	0.6954	71	1000				
2026-08-29 13:40	interp_gt_a4_n_s1_best_e3	bbox_from_instance	0.04	0.5204	0.2637	0.7094	71	1000				
2026-08-29 13:40	interp_gt_a8_n_s1_best_e2	bbox_from_instance	0.04	0.4740	0.1906	0.6874	71	1000				
2026-08-29 13:40	interp_gt_s1_n_s1_best_e2	bbox_from_instance	0.05	0.4713	0.1944	0.6729	71	1000				
2026-08-29 13:40	interp_gt_s1_n_s1_best_e2_sm1	bbox_from_instance	0.03	0.4994	0.2099	0.7056	71	1000				
2026-08-29 13:40	interp_gt_s1_n_s1_best_e2_sm2	bbox_from_instance	0.03	0.5041	0.2432	0.7029	71	1000				
2026-08-29 13:40	interp_gt_s1_n_s2_best_e2	bbox_from_instance	0.07	0.5518	0.2802	0.7369	71	1000				
2026-08-29 13:40	interp_gt_s1_n_s2_best_e2_sm1	bbox_from_instance	0.03	0.5823	0.3208	0.7507	71	1000				
2026-08-29 13:40	interp_gt_s1_n_s2_best_e2_sm2	bbox_from_instance	0.03	0.5905	0.3246	0.7674	71	1000				
2026-08-29 13:40	interp_gt_s1_n_s3_best_e3	bbox_from_instance	0.03	0.4987	0.2351	0.6782	71	1000				
2026-08-29 13:40	interp_gt_s1_n_s3_best_e3_sm1	bbox_from_instance	0.03	0.5194	0.2308	0.7200	71	1000				
2026-08-29 13:40	interp_gt_s1_n_s3_best_e3_sm2	bbox_from_instance	0.03	0.5237	0.2345	0.7187	71	1000				
2026-08-29 13:40	kd_bfi_x_n_s1_best_e17	bbox_from_instance	0.02	0.4609	0.2002	0.6825	71	1000				
2026-08-29 13:40	kd_bfi_x_n_s2_best_e21	bbox_from_instance	0.02	0.4889	0.2275	0.7030	71	1000				
2026-08-29 13:40	kd_bfi_x_n_s3_best_e22	bbox_from_instance	0.02	0.4918	0.2330	0.6887	71	1000				
2026-08-29 13:40	kd_interp_n_s2_best_e2	bbox_from_instance	0.04	0.5005	0.2078	0.6837	71	1000				
2026-08-29 13:40	kd_interp_n_s3_best_e3	bbox_from_instance	0.03	0.5015	0.2578	0.6910	71	1000				
2026-08-29 13:40	kd_t1_n_s1_best_e3	bbox_from_instance	0.03	0.4945	0.2501	0.6686	71	1000				
2026-08-29 13:40	kd_t1_n_s2_best_e3	bbox_from_instance	0.04	0.5051	0.2454	0.7036	71	1000				
2026-08-29 13:40	kd_t1_n_s3_best_e2	bbox_from_instance	0.03	0.5351	0.2824	0.6888	71	1000				
2026-08-29 13:40	t1_nano_k025_t015_s1_n_s1_best_e3	bbox_from_instance	0.03	0.5256	0.2767	0.6949	71	1000				
2026-08-29 13:40	t1_nano_k025_t024_s1_keepempty_n_s1_best_e2	bbox_from_instance	0.02	0.5064	0.2382	0.6972	71	1000				
2026-08-29 13:40	t1_nano_k025_t024_s1_n_s1_best_e2	bbox_from_instance	0.04	0.5130	0.2529	0.7014	71	1000				
2026-08-29 13:40	t1_nano_k025_t024_s1_n_s1_best_e2_img384	bbox_from_instance	0.04	0.4976	0.2476	0.6785	71	1000				
2026-08-29 13:41	t1_nano_k025_t024_s1_n_s1_best_e2_img512	bbox_from_instance	0.05	0.4945	0.2227	0.6907	71	1000				
2026-08-29 13:41	t1_nano_k025_t024_s1_n_s1_best_e2_sm1	bbox_from_instance	0.02	0.5337	0.2864	0.7207	71	1000				
2026-08-29 13:41	t1_nano_k025_t024_s1_n_s1_best_e2_sm2	bbox_from_instance	0.02	0.5365	0.2801	0.7169	71	1000				
2026-08-29 13:41	t1_nano_k025_t024_s1_n_s2_best_e2	bbox_from_instance	0.06	0.5274	0.2736	0.6919	71	1000				
2026-08-29 13:41	t1_nano_k025_t024_s1_n_s2_best_e2_img384	bbox_from_instance	0.08	0.5276	0.2887	0.7150	71	1000				
2026-08-29 13:41	t1_nano_k025_t024_s1_n_s2_best_e2_img512	bbox_from_instance	0.08	0.5307	0.2490	0.7299	71	1000				
2026-08-29 13:41	t1_nano_k025_t024_s1_n_s2_best_e2_sm1	bbox_from_instance	0.03	0.5650	0.3148	0.7318	71	1000				
2026-08-29 13:41	t1_nano_k025_t024_s1_n_s2_best_e2_sm2	bbox_from_instance	0.03	0.5696	0.2963	0.7373	71	1000				
2026-08-29 13:41	t1_nano_k025_t024_s1_n_s3_best_e2	bbox_from_instance	0.07	0.5520	0.2790	0.7398	71	1000				
2026-08-29 13:41	t1_nano_k025_t024_s1_n_s3_best_e2_img384	bbox_from_instance	0.05	0.5545	0.2731	0.7361	71	1000				
2026-08-29 13:41	t1_nano_k025_t024_s1_n_s3_best_e2_img512	bbox_from_instance	0.05	0.5465	0.2819	0.7264	71	1000				
2026-08-29 13:41	t1_nano_k025_t024_s1_n_s3_best_e2_sm1	bbox_from_instance	0.05	0.5730	0.3050	0.7536	71	1000				
2026-08-29 13:41	t1_nano_k025_t024_s1_n_s3_best_e2_sm2	bbox_from_instance	0.06	0.5732	0.3045	0.7642	71	1000				
2026-08-29 13:41	t1_nano_k025_t024_s1_noneg_n_s1_best_e4	bbox_from_instance	0.04	0.4994	0.2161	0.6851	71	1000				
2026-08-29 13:41	t1_nano_k025_t024_s1_noneg_n_s2_best_e3	bbox_from_instance	0.05	0.4671	0.2036	0.6691	71	1000				
2026-08-29 13:41	t1_nano_k025_t024_s1_noneg_n_s3_best_e3	bbox_from_instance	0.05	0.5380	0.2995	0.7081	71	1000				
2026-08-29 13:41	t1_nano_k025_t024_s1_s_s1_best_e1	bbox_from_instance	0.09	0.5670	0.3786	0.7169	71	1000				
2026-08-29 13:41	t1_nano_k025_t024_s1_s_s1_best_e1_img384	bbox_from_instance	0.06	0.5900	0.3850	0.7292	71	1000				
2026-08-29 13:41	t1_nano_k025_t024_s1_s_s1_best_e1_img512	bbox_from_instance	0.11	0.5803	0.3866	0.7413	71	1000				
2026-08-29 13:41	t1_nano_k025_t024_s1_s_s1_best_e1_sm1	bbox_from_instance	0.07	0.5909	0.3925	0.7327	71	1000				
2026-08-29 13:41	t1_nano_k025_t024_s1_s_s1_best_e1_sm2	bbox_from_instance	0.08	0.5974	0.3917	0.7461	71	1000				
2026-08-29 13:41	t1_nano_k025_t024_s1_s_s2_best_e1	bbox_from_instance	0.09	0.5371	0.3247	0.6970	71	1000				
2026-08-29 13:41	t1_nano_k025_t024_s1_s_s2_best_e1_img384	bbox_from_instance	0.11	0.5764	0.3747	0.7111	71	1000				
2026-08-29 13:41	t1_nano_k025_t024_s1_s_s2_best_e1_img512	bbox_from_instance	0.10	0.5268	0.3260	0.6553	71	1000				
2026-08-29 13:42	t1_nano_k025_t024_s1_s_s2_best_e1_sm1	bbox_from_instance	0.05	0.5526	0.3434	0.6935	71	1000				
2026-08-29 13:42	t1_nano_k025_t024_s1_s_s2_best_e1_sm2	bbox_from_instance	0.06	0.5558	0.3351	0.6980	71	1000				
2026-08-29 13:42	t1_nano_k025_t024_s1_s_s3_best_e3	bbox_from_instance	0.01	0.5455	0.3070	0.7115	71	1000				
2026-08-29 13:42	t1_nano_k025_t024_s1_s_s3_best_e3_img384	bbox_from_instance	0.02	0.5667	0.3417	0.7301	71	1000				
2026-08-29 13:42	t1_nano_k025_t024_s1_s_s3_best_e3_img512	bbox_from_instance	0.02	0.5515	0.2909	0.7340	71	1000				
2026-08-29 13:42	t1_nano_k025_t024_s1_s_s3_best_e3_sm1	bbox_from_instance	0.01	0.5680	0.3124	0.7413	71	1000				
2026-08-29 13:42	t1_nano_k025_t024_s1_s_s3_best_e3_sm2	bbox_from_instance	0.01	0.5720	0.3198	0.7520	71	1000				
2026-08-29 13:42	t1_nano_k025_t024_s2_n_s1_best_e3	bbox_from_instance	0.13	0.5336	0.2775	0.7045	71	1000				
2026-08-29 13:42	t1_nano_k025_t024_s2_n_s2_best_e25	bbox_from_instance	0.02	0.4844	0.2201	0.6775	71	1000				
2026-08-29 13:42	t1_nano_k025_t024_s2_n_s3_best_e2	bbox_from_instance	0.06	0.5414	0.3135	0.7155	71	1000				
2026-08-29 13:42	t1_nano_k025_t024_s4_n_s1_best_e4	bbox_from_instance	0.07	0.4655	0.1802	0.6779	71	1000				
2026-08-29 13:42	t1_nano_k025_t024_s4_n_s2_best_e10	bbox_from_instance	0.01	0.5159	0.2699	0.6937	71	1000				
2026-08-29 13:42	t1_nano_k025_t024_s4_n_s3_best_e24	bbox_from_instance	0.03	0.5444	0.2891	0.7279	71	1000				
2026-08-29 13:42	t1_nano_k025_t035_s1_n_s1_best_e2	bbox_from_instance	0.03	0.5351	0.2929	0.6975	71	1000				
2026-08-29 13:42	t1_nano_k0_t024_s1_n_s1_best_e2	bbox_from_instance	0.04	0.4966	0.2555	0.6937	71	1000				
2026-08-29 13:42	t1_nano_k0_t024_s1_n_s2_best_e2	bbox_from_instance	0.03	0.4912	0.2536	0.6630	71	1000				
2026-08-29 13:42	t1_nano_k0_t024_s1_n_s3_best_e2	bbox_from_instance	0.05	0.5468	0.2510	0.7107	71	1000				
2026-08-29 13:42	t1_nanoadd_k025_t024_s1_n_s1_best_e24	bbox_from_instance	0.04	0.5402	0.2630	0.7164	71	1000				
2026-08-29 13:42	t1s1_ft_canon_bfi_n_s1_best_e1	bbox_from_instance	0.05	0.4451	0.1786	0.6508	71	1000				
2026-08-29 13:42	t1s1_ftlow_canon_bfi_n_s1_best_e6	bbox_from_instance	0.01	0.4803	0.2657	0.6798	71	1000				
2026-08-29 13:42	t1s2_ftlow_canon_bfi_n_s2_best_e5	bbox_from_instance	0.03	0.5134	0.2669	0.7010	71	1000				
2026-08-29 13:42	t1s3_ftlow_canon_bfi_n_s3_best_e5	bbox_from_instance	0.02	0.5218	0.2970	0.6858	71	1000				
2026-08-29 13:42	h50_teacher_n[pooled 3 seeds]	bbox_from_instance		0.4583			71	1000	h50_interp_negall_n[pooled 3 seeds]	0.0722	0.0171	0.1407
2026-08-29 13:42	h50_teacher_n[pooled 3 seeds]	bbox_from_instance		0.4583			71	1000	h50_interp_n[pooled 3 seeds]	0.0607	-0.0114	0.1708
2026-08-29 13:42	h50_teacher_n[pooled 3 seeds]	bbox_from_instance		0.4583			71	1000	h50_sparse_n[pooled 3 seeds]	0.0664	0.0014	0.1623
2026-08-29 13:42	h50_teacher_dropempty_n[pooled 1 seeds]	bbox_from_instance		0.4660			71	1000	h50_teacher_n[pooled 3 seeds]	0.0078	-0.0149	0.0303
2026-08-29 13:42	h50_teacher_dropempty_n[pooled 1 seeds]	bbox_from_instance		0.4660			71	1000	h50_interp_negall_n[pooled 3 seeds]	0.0799	0.0128	0.1594
2026-08-29 13:42	h50_teacher_n[pooled 3 seeds]	bbox_from_instance		0.4583			71	1000	canon_n[pooled 3 seeds]	-0.0253	-0.2241	0.1125
2026-08-29 13:42	h50_interp_n[pooled 3 seeds]	bbox_from_instance		0.3975			71	1000	h50_sparse_n[pooled 3 seeds]	0.0056	-0.0424	0.0389
2026-08-29 13:42	h50_interp_negall_n[pooled 3 seeds]	bbox_from_instance		0.3861			71	1000	h50_interp_n[pooled 3 seeds]	-0.0114	-0.0560	0.0739
2026-08-29 13:42	h50_interp_s[pooled 2 seeds]	bbox_from_instance		0.4165			71	1000	h50_sparse_s[pooled 2 seeds]	0.0566	0.0054	0.1085
2026-08-29 13:42	canon_bfi_n_s1_best_e18	bbox	0.03	0.5198	0.2826	0.7132	71	1000				
2026-08-29 13:42	canon_bfi_n_s1_best_e18_img384	bbox	0.02	0.5272	0.3012	0.6954	71	1000				
2026-08-29 13:42	canon_bfi_n_s1_best_e18_img512	bbox	0.03	0.5099	0.2513	0.7028	71	1000				
2026-08-29 13:42	canon_bfi_n_s1_best_e18_sm1	bbox	0.01	0.5574	0.3376	0.7278	71	1000				
2026-08-29 13:42	canon_bfi_n_s1_best_e18_sm2	bbox	0.01	0.5633	0.3321	0.7360	71	1000				
2026-08-29 13:43	canon_bfi_n_s2_best_e8	bbox	0.06	0.5177	0.2346	0.6936	71	1000				
2026-08-29 13:43	canon_bfi_n_s2_best_e8_img384	bbox	0.05	0.5181	0.2461	0.6745	71	1000				
2026-08-29 13:43	canon_bfi_n_s2_best_e8_img512	bbox	0.08	0.5000	0.1994	0.6768	71	1000				
2026-08-29 13:43	canon_bfi_n_s2_best_e8_sm1	bbox	0.02	0.5430	0.2473	0.7143	71	1000				
2026-08-29 13:43	canon_bfi_n_s2_best_e8_sm2	bbox	0.02	0.5493	0.2562	0.7199	71	1000				
2026-08-29 13:43	canon_bfi_n_s3_best_e22	bbox	0.04	0.4631	0.2025	0.6731	71	1000				
2026-08-29 13:43	canon_bfi_n_s3_best_e22_img384	bbox	0.04	0.5147	0.2759	0.6990	71	1000				
2026-08-29 13:43	canon_bfi_n_s3_best_e22_img512	bbox	0.06	0.4741	0.2144	0.6703	71	1000				
2026-08-29 13:43	canon_bfi_n_s3_best_e22_sm1	bbox	0.03	0.4804	0.2152	0.7149	71	1000				
2026-08-29 13:43	canon_bfi_n_s3_best_e22_sm2	bbox	0.05	0.4792	0.1962	0.7128	71	1000				
2026-08-29 13:43	canon_bfi_s_s1_best_e1	bbox	0.07	0.5470	0.2919	0.7295	71	1000				
2026-08-29 13:43	canon_bfi_s_s1_best_e1_img384	bbox	0.05	0.5032	0.2993	0.6289	71	1000				
2026-08-29 13:43	canon_bfi_s_s1_best_e1_img512	bbox	0.05	0.5341	0.2984	0.6996	71	1000				
2026-08-29 13:43	canon_bfi_s_s2_best_e25	bbox	0.02	0.4821	0.2286	0.6816	71	1000				
2026-08-29 13:43	canon_bfi_s_s2_best_e25_img384	bbox	0.01	0.4958	0.2457	0.6625	71	1000				
2026-08-29 13:43	canon_bfi_s_s2_best_e25_img512	bbox	0.03	0.5064	0.2381	0.7045	71	1000				
2026-08-29 13:43	canon_bfi_s_s3_best_e17	bbox	0.03	0.4663	0.1827	0.6825	71	1000				
2026-08-29 13:43	canon_bfi_s_s3_best_e17_img384	bbox	0.07	0.4856	0.1977	0.6792	71	1000				
2026-08-29 13:43	canon_bfi_s_s3_best_e17_img512	bbox	0.08	0.4697	0.2013	0.6773	71	1000				
2026-08-29 13:43	h50_interp_n_s1_best_e6	bbox	0.03	0.4115	0.1158	0.6546	71	1000				
2026-08-29 13:43	h50_interp_n_s2_best_e4	bbox	0.03	0.4178	0.1215	0.6657	71	1000				
2026-08-29 13:43	h50_interp_n_s3_best_e6	bbox	0.06	0.3969	0.1056	0.6438	71	1000				
2026-08-29 13:43	h50_interp_negall_n_s1_best_e3	bbox	0.08	0.4042	0.1129	0.6289	71	1000				
2026-08-29 13:43	h50_interp_negall_n_s2_best_e3	bbox	0.04	0.4375	0.1605	0.6494	71	1000				
2026-08-29 13:43	h50_interp_negall_n_s3_best_e3	bbox	0.06	0.4019	0.1229	0.6459	71	1000				
2026-08-29 13:43	h50_interp_s_s1_best_e2	bbox	0.02	0.4078	0.1374	0.6289	71	1000				
2026-08-29 13:43	h50_interp_s_s2_best_e3	bbox	0.12	0.4314	0.1501	0.6508	71	1000				
2026-08-29 13:43	h50_sparse_n_s1_best_e35	bbox	0.02	0.4251	0.1279	0.6563	71	1000				
2026-08-29 13:43	h50_sparse_n_s2_best_e24	bbox	0.02	0.4392	0.1355	0.6692	71	1000				
2026-08-29 13:43	h50_sparse_n_s3_best_e31	bbox	0.04	0.3756	0.0776	0.6240	71	1000				
2026-08-29 13:43	h50_sparse_s_s1_best_e9	bbox	0.01	0.3863	0.0924	0.6151	71	1000				
2026-08-29 13:44	h50_sparse_s_s2_best_e15	bbox	0.02	0.3567	0.1368	0.5276	71	1000				
2026-08-29 13:44	h50_teacher_dropempty_n_s1_best_e3	bbox	0.07	0.4971	0.2170	0.6971	71	1000				
2026-08-29 13:44	h50_teacher_n_s1_best_e2	bbox	0.05	0.4803	0.1953	0.6964	71	1000				
2026-08-29 13:44	h50_teacher_n_s2_best_e2	bbox	0.07	0.4720	0.2245	0.6842	71	1000				
2026-08-29 13:44	h50_teacher_n_s3_best_e3	bbox	0.05	0.4746	0.2069	0.6892	71	1000				
2026-08-29 13:44	interp_gt_a16_n_s1_best_e3	bbox	0.02	0.4497	0.1628	0.6791	71	1000				
2026-08-29 13:44	interp_gt_a2_n_s1_best_e2	bbox	0.10	0.4697	0.1878	0.6939	71	1000				
2026-08-29 13:44	interp_gt_a4_n_s1_best_e3	bbox	0.04	0.5160	0.2302	0.7044	71	1000				
2026-08-29 13:44	interp_gt_a8_n_s1_best_e2	bbox	0.03	0.4871	0.2021	0.7006	71	1000				
2026-08-29 13:44	interp_gt_s1_n_s1_best_e2	bbox	0.05	0.4678	0.1711	0.6620	71	1000				
2026-08-29 13:44	interp_gt_s1_n_s1_best_e2_sm1	bbox	0.04	0.4872	0.1874	0.6963	71	1000				
2026-08-29 13:44	interp_gt_s1_n_s1_best_e2_sm2	bbox	0.03	0.4929	0.1944	0.6970	71	1000				
2026-08-29 13:44	interp_gt_s1_n_s2_best_e2	bbox	0.07	0.5552	0.2710	0.7436	71	1000				
2026-08-29 13:44	interp_gt_s1_n_s2_best_e2_sm1	bbox	0.03	0.5808	0.2942	0.7538	71	1000				
2026-08-29 13:44	interp_gt_s1_n_s2_best_e2_sm2	bbox	0.03	0.5882	0.3245	0.7581	71	1000				
2026-08-29 13:44	interp_gt_s1_n_s3_best_e3	bbox	0.04	0.5002	0.1901	0.6996	71	1000				
2026-08-29 13:44	interp_gt_s1_n_s3_best_e3_sm1	bbox	0.02	0.5184	0.2173	0.7037	71	1000				
2026-08-29 13:44	interp_gt_s1_n_s3_best_e3_sm2	bbox	0.02	0.5201	0.2140	0.7148	71	1000				
2026-08-29 13:44	kd_bfi_x_n_s1_best_e17	bbox	0.02	0.4694	0.2126	0.6709	71	1000				
2026-08-29 13:44	kd_bfi_x_n_s2_best_e21	bbox	0.02	0.5273	0.2563	0.7048	71	1000				
2026-08-29 13:44	kd_bfi_x_n_s3_best_e22	bbox	0.01	0.5150	0.2329	0.6860	71	1000				
2026-08-29 13:44	kd_interp_n_s2_best_e2	bbox	0.05	0.4985	0.2089	0.6926	71	1000				
2026-08-29 13:44	kd_interp_n_s3_best_e3	bbox	0.04	0.5214	0.2199	0.6959	71	1000				
2026-08-29 13:44	kd_t1_n_s1_best_e3	bbox	0.03	0.5047	0.2534	0.6622	71	1000				
2026-08-29 13:44	kd_t1_n_s2_best_e3	bbox	0.04	0.5241	0.2013	0.7202	71	1000				
2026-08-29 13:44	kd_t1_n_s3_best_e2	bbox	0.03	0.5397	0.2787	0.6907	71	1000				
2026-08-29 13:44	t1_nano_k025_t015_s1_n_s1_best_e3	bbox	0.03	0.5311	0.2648	0.7090	71	1000				
2026-08-29 13:44	t1_nano_k025_t024_s1_keepempty_n_s1_best_e2	bbox	0.02	0.5095	0.2392	0.6859	71	1000				
2026-08-29 13:44	t1_nano_k025_t024_s1_n_s1_best_e2	bbox	0.04	0.5269	0.2625	0.7119	71	1000				
2026-08-29 13:44	t1_nano_k025_t024_s1_n_s1_best_e2_img384	bbox	0.04	0.5045	0.2557	0.6732	71	1000				
2026-08-29 13:45	t1_nano_k025_t024_s1_n_s1_best_e2_img512	bbox	0.05	0.4905	0.2301	0.6884	71	1000				
2026-08-29 13:45	t1_nano_k025_t024_s1_n_s1_best_e2_sm1	bbox	0.02	0.5487	0.2939	0.7196	71	1000				
2026-08-29 13:45	t1_nano_k025_t024_s1_n_s1_best_e2_sm2	bbox	0.02	0.5514	0.2981	0.7216	71	1000				
2026-08-29 13:45	t1_nano_k025_t024_s1_n_s2_best_e2	bbox	0.10	0.5256	0.2359	0.6927	71	1000				
2026-08-29 13:45	t1_nano_k025_t024_s1_n_s2_best_e2_img384	bbox	0.06	0.5339	0.2673	0.7072	71	1000				
2026-08-29 13:45	t1_nano_k025_t024_s1_n_s2_best_e2_img512	bbox	0.08	0.5351	0.2383	0.7267	71	1000				
2026-08-29 13:45	t1_nano_k025_t024_s1_n_s2_best_e2_sm1	bbox	0.03	0.5671	0.2748	0.7301	71	1000				
2026-08-29 13:45	t1_nano_k025_t024_s1_n_s2_best_e2_sm2	bbox	0.02	0.5722	0.2906	0.7406	71	1000				
2026-08-29 13:45	t1_nano_k025_t024_s1_n_s3_best_e2	bbox	0.07	0.5438	0.2674	0.7349	71	1000				
2026-08-29 13:45	t1_nano_k025_t024_s1_n_s3_best_e2_img384	bbox	0.05	0.5504	0.2950	0.7292	71	1000				
2026-08-29 13:45	t1_nano_k025_t024_s1_n_s3_best_e2_img512	bbox	0.03	0.5485	0.2798	0.7138	71	1000				
2026-08-29 13:45	t1_nano_k025_t024_s1_n_s3_best_e2_sm1	bbox	0.03	0.5687	0.3140	0.7407	71	1000				
2026-08-29 13:45	t1_nano_k025_t024_s1_n_s3_best_e2_sm2	bbox	0.06	0.5624	0.2843	0.7359	71	1000				
2026-08-29 13:45	t1_nano_k025_t024_s1_noneg_n_s1_best_e4	bbox	0.04	0.5213	0.2385	0.6980	71	1000				
2026-08-29 13:45	t1_nano_k025_t024_s1_noneg_n_s2_best_e3	bbox	0.05	0.4848	0.1888	0.6664	71	1000				
2026-08-29 13:45	t1_nano_k025_t024_s1_noneg_n_s3_best_e3	bbox	0.05	0.5480	0.2869	0.7082	71	1000				
2026-08-29 13:45	t1_nano_k025_t024_s1_s_s1_best_e1	bbox	0.09	0.5825	0.3700	0.7425	71	1000				
2026-08-29 13:45	t1_nano_k025_t024_s1_s_s1_best_e1_img384	bbox	0.06	0.5662	0.3458	0.7212	71	1000				
2026-08-29 13:45	t1_nano_k025_t024_s1_s_s1_best_e1_img512	bbox	0.11	0.5754	0.3587	0.7493	71	1000				
2026-08-29 13:45	t1_nano_k025_t024_s1_s_s1_best_e1_sm1	bbox	0.07	0.6035	0.4034	0.7468	71	1000				
2026-08-29 13:45	t1_nano_k025_t024_s1_s_s1_best_e1_sm2	bbox	0.08	0.6103	0.4095	0.7562	71	1000				
2026-08-29 13:45	t1_nano_k025_t024_s1_s_s2_best_e1	bbox	0.11	0.5475	0.3367	0.7087	71	1000				
2026-08-29 13:45	t1_nano_k025_t024_s1_s_s2_best_e1_img384	bbox	0.15	0.5766	0.3316	0.7414	71	1000				
2026-08-29 13:45	t1_nano_k025_t024_s1_s_s2_best_e1_img512	bbox	0.11	0.5392	0.3048	0.6785	71	1000				
2026-08-29 13:45	t1_nano_k025_t024_s1_s_s2_best_e1_sm1	bbox	0.08	0.5643	0.3242	0.7171	71	1000				
2026-08-29 13:45	t1_nano_k025_t024_s1_s_s2_best_e1_sm2	bbox	0.09	0.5671	0.3401	0.7209	71	1000				
2026-08-29 13:45	t1_nano_k025_t024_s1_s_s3_best_e3	bbox	0.02	0.5401	0.2659	0.7244	71	1000				
2026-08-29 13:45	t1_nano_k025_t024_s1_s_s3_best_e3_img384	bbox	0.02	0.5564	0.3024	0.7154	71	1000				
2026-08-29 13:46	t1_nano_k025_t024_s1_s_s3_best_e3_img512	bbox	0.03	0.5498	0.2659	0.7199	71	1000				
2026-08-29 13:46	t1_nano_k025_t024_s1_s_s3_best_e3_sm1	bbox	0.01	0.5582	0.2862	0.7274	71	1000				
2026-08-29 13:46	t1_nano_k025_t024_s1_s_s3_best_e3_sm2	bbox	0.01	0.5612	0.2983	0.7456	71	1000				
2026-08-29 13:46	t1_nano_k025_t024_s2_n_s1_best_e3	bbox	0.14	0.5370	0.2360	0.7051	71	1000				
2026-08-29 13:46	t1_nano_k025_t024_s2_n_s2_best_e25	bbox	0.02	0.4955	0.2306	0.6809	71	1000				
2026-08-29 13:46	t1_nano_k025_t024_s2_n_s3_best_e2	bbox	0.11	0.5093	0.2250	0.7097	71	1000				
2026-08-29 13:46	t1_nano_k025_t024_s4_n_s1_best_e4	bbox	0.09	0.4666	0.1825	0.6796	71	1000				
2026-08-29 13:46	t1_nano_k025_t024_s4_n_s2_best_e10	bbox	0.01	0.5211	0.2236	0.6976	71	1000				
2026-08-29 13:46	t1_nano_k025_t024_s4_n_s3_best_e24	bbox	0.02	0.5453	0.2712	0.7289	71	1000				
2026-08-29 13:46	t1_nano_k025_t035_s1_n_s1_best_e2	bbox	0.03	0.5430	0.2756	0.7133	71	1000				
2026-08-29 13:46	t1_nano_k0_t024_s1_n_s1_best_e2	bbox	0.04	0.5119	0.2543	0.6889	71	1000				
2026-08-29 13:46	t1_nano_k0_t024_s1_n_s2_best_e2	bbox	0.03	0.4954	0.2446	0.6494	71	1000				
2026-08-29 13:46	t1_nano_k0_t024_s1_n_s3_best_e2	bbox	0.05	0.5365	0.2648	0.7117	71	1000				
2026-08-29 13:46	t1_nanoadd_k025_t024_s1_n_s1_best_e24	bbox	0.04	0.5406	0.2443	0.7161	71	1000				
2026-08-29 13:46	t1s1_ft_canon_bfi_n_s1_best_e1	bbox	0.05	0.4627	0.1726	0.6711	71	1000				
2026-08-29 13:46	t1s1_ftlow_canon_bfi_n_s1_best_e6	bbox	0.01	0.4944	0.2672	0.6757	71	1000				
2026-08-29 13:46	t1s2_ftlow_canon_bfi_n_s2_best_e5	bbox	0.03	0.5355	0.2484	0.7187	71	1000				
2026-08-29 13:46	t1s3_ftlow_canon_bfi_n_s3_best_e5	bbox	0.02	0.5095	0.2905	0.6725	71	1000				
2026-08-29 13:46	h50_teacher_n[pooled 3 seeds]	bbox		0.4757			71	1000	h50_interp_negall_n[pooled 3 seeds]	0.0608	0.0109	0.1451
2026-08-29 13:46	h50_teacher_n[pooled 3 seeds]	bbox		0.4757			71	1000	h50_interp_n[pooled 3 seeds]	0.0668	-0.0076	0.1880
2026-08-29 13:46	h50_teacher_n[pooled 3 seeds]	bbox		0.4757			71	1000	h50_sparse_n[pooled 3 seeds]	0.0614	-0.0077	0.1635
2026-08-29 13:46	h50_teacher_dropempty_n[pooled 1 seeds]	bbox		0.4971			71	1000	h50_teacher_n[pooled 3 seeds]	0.0214	-0.0172	0.0680
2026-08-29 13:46	h50_teacher_dropempty_n[pooled 1 seeds]	bbox		0.4971			71	1000	h50_interp_negall_n[pooled 3 seeds]	0.0823	0.0160	0.1650
2026-08-29 13:46	h50_teacher_n[pooled 3 seeds]	bbox		0.4757			71	1000	canon_n[pooled 3 seeds]	-0.0246	-0.2365	0.1232
2026-08-29 13:46	h50_interp_n[pooled 3 seeds]	bbox		0.4088			71	1000	h50_sparse_n[pooled 3 seeds]	-0.0055	-0.0475	0.0240
2026-08-29 13:46	h50_interp_negall_n[pooled 3 seeds]	bbox		0.4149			71	1000	h50_interp_n[pooled 3 seeds]	0.0060	-0.0304	0.0618
2026-08-29 13:46	h50_interp_s[pooled 2 seeds]	bbox		0.4192			71	1000	h50_sparse_s[pooled 2 seeds]	0.0477	-0.0003	0.0959
2026-08-29 15:14	10_bfi_yolo26_xlarge_additional_best_e25_j2853808	bbox_from_instance	0.03	0.5736	0.3859	0.7262	71	1000				
2026-08-29 15:14	1_bfi_yolo26_nano_best_e13_j2853799	bbox_from_instance	0.05	0.4369	0.2161	0.6389	71	1000				
2026-08-29 15:14	1_bfi_yolo26_nano_best_e13_j2853799_csm1	bbox_from_instance	0.02	0.4639	0.2439	0.6466	71	1000				
2026-08-29 15:14	1_bfi_yolo26_nano_best_e13_j2853799_csm2	bbox_from_instance	0.03	0.4653	0.2436	0.6497	71	1000				
2026-08-29 15:14	2_bfi_yolo26_nano_additional_best_e23_j2853800	bbox_from_instance	0.03	0.5333	0.3370	0.7157	71	1000				
2026-08-29 15:14	3_bfi_yolo26_small_best_e2_j2853801	bbox_from_instance	0.08	0.4889	0.2247	0.6894	71	1000				
2026-08-29 15:14	4_bfi_yolo26_small_additional_best_e12_j2853802	bbox_from_instance	0.04	0.4888	0.2742	0.6911	71	1000				
2026-08-29 15:14	5_bfi_yolo26_medium_best_e10_j2853803	bbox_from_instance	0.04	0.5171	0.3051	0.6881	71	1000				
2026-08-29 15:14	6_bfi_yolo26_medium_additional_best_e19_j2853804	bbox_from_instance	0.02	0.5900	0.3969	0.7467	71	1000				
2026-08-29 15:14	7_bfi_yolo26_large_best_e19_j2853805	bbox_from_instance	0.03	0.4669	0.2000	0.6864	71	1000				
2026-08-29 15:14	8_bfi_yolo26_large_additional_best_e9_j2853806	bbox_from_instance	0.04	0.5916	0.4073	0.7498	71	1000				
2026-08-29 15:14	9_bfi_yolo26_xlarge_best_e21_j2853807	bbox_from_instance	0.02	0.5018	0.2573	0.6985	71	1000				
2026-08-29 15:14	canon_bfi_n_s1_best_e18	bbox_from_instance	0.03	0.4967	0.2568	0.6930	71	1000				
2026-08-29 15:14	canon_bfi_n_s1_best_e18_csm1	bbox_from_instance	0.02	0.5237	0.2721	0.7410	71	1000				
2026-08-29 15:14	canon_bfi_n_s1_best_e18_csm2	bbox_from_instance	0.02	0.5236	0.2790	0.7332	71	1000				
2026-08-29 15:14	canon_bfi_n_s1_best_e18_img384	bbox_from_instance	0.02	0.4900	0.2771	0.6627	71	1000				
2026-08-29 15:14	canon_bfi_n_s1_best_e18_img512	bbox_from_instance	0.03	0.4827	0.2450	0.7001	71	1000				
2026-08-29 15:14	canon_bfi_n_s1_best_e18_sm1	bbox_from_instance	0.02	0.5231	0.2785	0.7149	71	1000				
2026-08-29 15:14	canon_bfi_n_s1_best_e18_sm2	bbox_from_instance	0.02	0.5272	0.2848	0.7392	71	1000				
2026-08-29 15:14	canon_bfi_n_s2_best_e8	bbox_from_instance	0.04	0.5008	0.2597	0.6704	71	1000				
2026-08-29 15:14	canon_bfi_n_s2_best_e8_csm1	bbox_from_instance	0.02	0.5270	0.2824	0.6880	71	1000				
2026-08-29 15:14	canon_bfi_n_s2_best_e8_csm2	bbox_from_instance	0.02	0.5340	0.2806	0.7090	71	1000				
2026-08-29 15:14	canon_bfi_n_s2_best_e8_img384	bbox_from_instance	0.06	0.4882	0.2422	0.6750	71	1000				
2026-08-29 15:14	canon_bfi_n_s2_best_e8_img512	bbox_from_instance	0.08	0.4809	0.2141	0.6749	71	1000				
2026-08-29 15:14	canon_bfi_n_s2_best_e8_sm1	bbox_from_instance	0.02	0.5260	0.2825	0.6957	71	1000				
2026-08-29 15:14	canon_bfi_n_s2_best_e8_sm2	bbox_from_instance	0.01	0.5242	0.2868	0.6928	71	1000				
2026-08-29 15:14	canon_bfi_n_s3_best_e22	bbox_from_instance	0.04	0.4525	0.1841	0.6879	71	1000				
2026-08-29 15:14	canon_bfi_n_s3_best_e22_csm1	bbox_from_instance	0.03	0.4706	0.1806	0.7142	71	1000				
2026-08-29 15:15	canon_bfi_n_s3_best_e22_csm2	bbox_from_instance	0.02	0.4746	0.2111	0.7124	71	1000				
2026-08-29 15:15	canon_bfi_n_s3_best_e22_img384	bbox_from_instance	0.06	0.4749	0.2224	0.6913	71	1000				
2026-08-29 15:15	canon_bfi_n_s3_best_e22_img512	bbox_from_instance	0.06	0.4500	0.2006	0.6661	71	1000				
2026-08-29 15:15	canon_bfi_n_s3_best_e22_sm1	bbox_from_instance	0.03	0.4709	0.1899	0.7171	71	1000				
2026-08-29 15:15	canon_bfi_n_s3_best_e22_sm2	bbox_from_instance	0.04	0.4712	0.1907	0.7051	71	1000				
2026-08-29 15:15	canon_bfi_s_s1_best_e1	bbox_from_instance	0.05	0.5550	0.3581	0.7210	71	1000				
2026-08-29 15:15	canon_bfi_s_s1_best_e1_img384	bbox_from_instance	0.05	0.5229	0.3313	0.6387	71	1000				
2026-08-29 15:15	canon_bfi_s_s1_best_e1_img512	bbox_from_instance	0.05	0.5452	0.3263	0.7021	71	1000				
2026-08-29 15:15	canon_bfi_s_s2_best_e25	bbox_from_instance	0.01	0.4530	0.2257	0.6969	71	1000				
2026-08-29 15:15	canon_bfi_s_s2_best_e25_img384	bbox_from_instance	0.01	0.4705	0.2297	0.6705	71	1000				
2026-08-29 15:15	canon_bfi_s_s2_best_e25_img512	bbox_from_instance	0.03	0.4746	0.2139	0.6768	71	1000				
2026-08-29 15:15	canon_bfi_s_s3_best_e17	bbox_from_instance	0.03	0.4301	0.1462	0.6791	71	1000				
2026-08-29 15:15	canon_bfi_s_s3_best_e17_img384	bbox_from_instance	0.07	0.4537	0.1834	0.6595	71	1000				
2026-08-29 15:15	canon_bfi_s_s3_best_e17_img512	bbox_from_instance	0.07	0.4337	0.1470	0.6614	71	1000				
2026-08-29 15:15	h50_interp_n_s1_best_e6	bbox_from_instance	0.03	0.3878	0.1142	0.6436	71	1000				
2026-08-29 15:15	h50_interp_n_s2_best_e4	bbox_from_instance	0.03	0.3938	0.1277	0.6468	71	1000				
2026-08-29 15:15	h50_interp_n_s3_best_e6	bbox_from_instance	0.01	0.4103	0.1613	0.6509	71	1000				
2026-08-29 15:15	h50_interp_negall_n_s1_best_e3	bbox_from_instance	0.08	0.3817	0.1223	0.6447	71	1000				
2026-08-29 15:15	h50_interp_negall_n_s2_best_e3	bbox_from_instance	0.04	0.4200	0.1520	0.6279	71	1000				
2026-08-29 15:15	h50_interp_negall_n_s3_best_e3	bbox_from_instance	0.07	0.3548	0.1205	0.5997	71	1000				
2026-08-29 15:15	h50_interp_s_s1_best_e2	bbox_from_instance	0.02	0.4308	0.1851	0.6560	71	1000				
2026-08-29 15:15	h50_interp_s_s2_best_e3	bbox_from_instance	0.12	0.4013	0.1435	0.6145	71	1000				
2026-08-29 15:15	h50_sparse_n_s1_best_e35	bbox_from_instance	0.02	0.4133	0.1705	0.6503	71	1000				
2026-08-29 15:15	h50_sparse_n_s2_best_e24	bbox_from_instance	0.02	0.4189	0.1548	0.6473	71	1000				
2026-08-29 15:15	h50_sparse_n_s3_best_e31	bbox_from_instance	0.04	0.3391	0.0797	0.6044	71	1000				
2026-08-29 15:15	h50_sparse_s_s1_best_e9	bbox_from_instance	0.01	0.3747	0.1181	0.5741	71	1000				
2026-08-29 15:15	h50_sparse_s_s2_best_e15	bbox_from_instance	0.02	0.3449	0.1383	0.4991	71	1000				
2026-08-29 15:15	h50_teacher_dropempty_n_s1_best_e3	bbox_from_instance	0.11	0.4660	0.2178	0.6838	71	1000				
2026-08-29 15:15	h50_teacher_n_s1_best_e2	bbox_from_instance	0.05	0.4716	0.2052	0.6789	71	1000				
2026-08-29 15:16	h50_teacher_n_s2_best_e2	bbox_from_instance	0.07	0.4518	0.1944	0.6535	71	1000				
2026-08-29 15:16	h50_teacher_n_s3_best_e3	bbox_from_instance	0.05	0.4512	0.2085	0.6657	71	1000				
2026-08-29 15:16	interp_gt_a16_n_s1_best_e3	bbox_from_instance	0.03	0.4325	0.1373	0.6716	71	1000				
2026-08-29 15:16	interp_gt_a2_n_s1_best_e2	bbox_from_instance	0.13	0.4703	0.1847	0.7086	71	1000				
2026-08-29 15:16	interp_gt_a4_n_s1_best_e3	bbox_from_instance	0.04	0.5204	0.2526	0.7034	71	1000				
2026-08-29 15:16	interp_gt_a8_n_s1_best_e2	bbox_from_instance	0.04	0.4740	0.1874	0.6832	71	1000				
2026-08-29 15:16	interp_gt_s1_n_s1_best_e2	bbox_from_instance	0.05	0.4713	0.1805	0.6648	71	1000				
2026-08-29 15:16	interp_gt_s1_n_s1_best_e2_sm1	bbox_from_instance	0.03	0.4994	0.2071	0.7015	71	1000				
2026-08-29 15:16	interp_gt_s1_n_s1_best_e2_sm2	bbox_from_instance	0.03	0.5041	0.2251	0.7042	71	1000				
2026-08-29 15:16	interp_gt_s1_n_s2_best_e2	bbox_from_instance	0.07	0.5518	0.2837	0.7349	71	1000				
2026-08-29 15:16	interp_gt_s1_n_s2_best_e2_sm1	bbox_from_instance	0.03	0.5823	0.3300	0.7598	71	1000				
2026-08-29 15:16	interp_gt_s1_n_s2_best_e2_sm2	bbox_from_instance	0.03	0.5905	0.3226	0.7534	71	1000				
2026-08-29 15:16	interp_gt_s1_n_s3_best_e3	bbox_from_instance	0.03	0.4987	0.2173	0.6746	71	1000				
2026-08-29 15:16	interp_gt_s1_n_s3_best_e3_sm1	bbox_from_instance	0.03	0.5194	0.2496	0.7259	71	1000				
2026-08-29 15:16	interp_gt_s1_n_s3_best_e3_sm2	bbox_from_instance	0.03	0.5237	0.2363	0.7219	71	1000				
2026-08-29 15:16	kd_bfi_x_n_s1_best_e17	bbox_from_instance	0.02	0.4609	0.1993	0.6818	71	1000				
2026-08-29 15:16	kd_bfi_x_n_s2_best_e21	bbox_from_instance	0.02	0.4889	0.2146	0.6988	71	1000				
2026-08-29 15:16	kd_bfi_x_n_s3_best_e22	bbox_from_instance	0.02	0.4918	0.2253	0.6883	71	1000				
2026-08-29 15:16	kd_interp_n_s2_best_e2	bbox_from_instance	0.04	0.5005	0.2034	0.6983	71	1000				
2026-08-29 15:16	kd_interp_n_s3_best_e3	bbox_from_instance	0.03	0.5015	0.2430	0.6811	71	1000				
2026-08-29 15:16	kd_t1_n_s1_best_e3	bbox_from_instance	0.03	0.4945	0.2383	0.6585	71	1000				
2026-08-29 15:16	kd_t1_n_s2_best_e3	bbox_from_instance	0.04	0.5051	0.2233	0.7083	71	1000				
2026-08-29 15:16	kd_t1_n_s3_best_e2	bbox_from_instance	0.03	0.5351	0.2853	0.6888	71	1000				
2026-08-29 15:16	t1_nano_k025_t015_s1_n_s1_best_e3	bbox_from_instance	0.03	0.5256	0.2931	0.6872	71	1000				
2026-08-29 15:16	t1_nano_k025_t024_s1_keepempty_n_s1_best_e2	bbox_from_instance	0.02	0.5064	0.2617	0.6992	71	1000				
2026-08-29 15:16	t1_nano_k025_t024_s1_n_s1_best_e2	bbox_from_instance	0.04	0.5130	0.2694	0.6995	71	1000				
2026-08-29 15:16	t1_nano_k025_t024_s1_n_s1_best_e2_csm1	bbox_from_instance	0.02	0.5335	0.2824	0.7089	71	1000				
2026-08-29 15:17	t1_nano_k025_t024_s1_n_s1_best_e2_csm2	bbox_from_instance	0.02	0.5357	0.2971	0.7168	71	1000				
2026-08-29 15:17	t1_nano_k025_t024_s1_n_s1_best_e2_img384	bbox_from_instance	0.04	0.4976	0.2539	0.6721	71	1000				
2026-08-29 15:17	t1_nano_k025_t024_s1_n_s1_best_e2_img512	bbox_from_instance	0.05	0.4945	0.2440	0.7021	71	1000				
2026-08-29 15:17	t1_nano_k025_t024_s1_n_s1_best_e2_sm1	bbox_from_instance	0.02	0.5337	0.2728	0.7241	71	1000				
2026-08-29 15:17	t1_nano_k025_t024_s1_n_s1_best_e2_sm2	bbox_from_instance	0.02	0.5365	0.2803	0.7037	71	1000				
2026-08-29 15:17	t1_nano_k025_t024_s1_n_s2_best_e2	bbox_from_instance	0.06	0.5274	0.2544	0.6958	71	1000				
2026-08-29 15:17	t1_nano_k025_t024_s1_n_s2_best_e2_csm1	bbox_from_instance	0.03	0.5660	0.2978	0.7441	71	1000				
2026-08-29 15:17	t1_nano_k025_t024_s1_n_s2_best_e2_csm2	bbox_from_instance	0.03	0.5694	0.3120	0.7395	71	1000				
2026-08-29 15:17	t1_nano_k025_t024_s1_n_s2_best_e2_img384	bbox_from_instance	0.08	0.5276	0.2664	0.7024	71	1000				
2026-08-29 15:17	t1_nano_k025_t024_s1_n_s2_best_e2_img512	bbox_from_instance	0.08	0.5307	0.2591	0.7258	71	1000				
2026-08-29 15:17	t1_nano_k025_t024_s1_n_s2_best_e2_sm1	bbox_from_instance	0.03	0.5650	0.2922	0.7395	71	1000				
2026-08-29 15:17	t1_nano_k025_t024_s1_n_s2_best_e2_sm2	bbox_from_instance	0.03	0.5696	0.3227	0.7348	71	1000				
2026-08-29 15:17	t1_nano_k025_t024_s1_n_s3_best_e2	bbox_from_instance	0.07	0.5520	0.2745	0.7395	71	1000				
2026-08-29 15:17	t1_nano_k025_t024_s1_n_s3_best_e2_csm1	bbox_from_instance	0.05	0.5729	0.3131	0.7416	71	1000				
2026-08-29 15:17	t1_nano_k025_t024_s1_n_s3_best_e2_csm2	bbox_from_instance	0.06	0.5738	0.3125	0.7515	71	1000				
2026-08-29 15:17	t1_nano_k025_t024_s1_n_s3_best_e2_img384	bbox_from_instance	0.05	0.5545	0.3082	0.7289	71	1000				
2026-08-29 15:17	t1_nano_k025_t024_s1_n_s3_best_e2_img512	bbox_from_instance	0.05	0.5465	0.2697	0.7233	71	1000				
2026-08-29 15:17	t1_nano_k025_t024_s1_n_s3_best_e2_sm1	bbox_from_instance	0.05	0.5730	0.2980	0.7420	71	1000				
2026-08-29 15:17	t1_nano_k025_t024_s1_n_s3_best_e2_sm2	bbox_from_instance	0.06	0.5732	0.3161	0.7575	71	1000				
2026-08-29 15:17	t1_nano_k025_t024_s1_noneg_n_s1_best_e4	bbox_from_instance	0.04	0.4994	0.2364	0.6902	71	1000				
2026-08-29 15:17	t1_nano_k025_t024_s1_noneg_n_s2_best_e3	bbox_from_instance	0.05	0.4671	0.2102	0.6711	71	1000				
2026-08-29 15:17	t1_nano_k025_t024_s1_noneg_n_s3_best_e3	bbox_from_instance	0.05	0.5380	0.2957	0.7075	71	1000				
2026-08-29 15:17	t1_nano_k025_t024_s1_s_s1_best_e1	bbox_from_instance	0.09	0.5670	0.3586	0.7210	71	1000				
2026-08-29 15:17	t1_nano_k025_t024_s1_s_s1_best_e1_csm1	bbox_from_instance	0.07	0.5919	0.3914	0.7378	71	1000				
2026-08-29 15:17	t1_nano_k025_t024_s1_s_s1_best_e1_csm2	bbox_from_instance	0.08	0.5999	0.4120	0.7408	71	1000				
2026-08-29 15:17	t1_nano_k025_t024_s1_s_s1_best_e1_img384	bbox_from_instance	0.06	0.5900	0.3890	0.7301	71	1000				
2026-08-29 15:18	t1_nano_k025_t024_s1_s_s1_best_e1_img512	bbox_from_instance	0.11	0.5803	0.3751	0.7422	71	1000				
2026-08-29 15:18	t1_nano_k025_t024_s1_s_s1_best_e1_sm1	bbox_from_instance	0.07	0.5909	0.3982	0.7393	71	1000				
2026-08-29 15:18	t1_nano_k025_t024_s1_s_s1_best_e1_sm2	bbox_from_instance	0.08	0.5974	0.3934	0.7438	71	1000				
2026-08-29 15:18	t1_nano_k025_t024_s1_s_s2_best_e1	bbox_from_instance	0.09	0.5371	0.3283	0.6895	71	1000				
2026-08-29 15:18	t1_nano_k025_t024_s1_s_s2_best_e1_csm1	bbox_from_instance	0.05	0.5536	0.3492	0.6902	71	1000				
2026-08-29 15:18	t1_nano_k025_t024_s1_s_s2_best_e1_csm2	bbox_from_instance	0.06	0.5603	0.3591	0.6954	71	1000				
2026-08-29 15:18	t1_nano_k025_t024_s1_s_s2_best_e1_img384	bbox_from_instance	0.11	0.5764	0.3734	0.7214	71	1000				
2026-08-29 15:18	t1_nano_k025_t024_s1_s_s2_best_e1_img512	bbox_from_instance	0.10	0.5268	0.3166	0.6615	71	1000				
2026-08-29 15:18	t1_nano_k025_t024_s1_s_s2_best_e1_sm1	bbox_from_instance	0.05	0.5526	0.3486	0.6872	71	1000				
2026-08-29 15:18	t1_nano_k025_t024_s1_s_s2_best_e1_sm2	bbox_from_instance	0.06	0.5558	0.3421	0.6936	71	1000				
2026-08-29 15:18	t1_nano_k025_t024_s1_s_s3_best_e3	bbox_from_instance	0.01	0.5455	0.2954	0.7256	71	1000				
2026-08-29 15:18	t1_nano_k025_t024_s1_s_s3_best_e3_csm1	bbox_from_instance	0.01	0.5700	0.3063	0.7317	71	1000				
2026-08-29 15:18	t1_nano_k025_t024_s1_s_s3_best_e3_csm2	bbox_from_instance	0.01	0.5722	0.3252	0.7327	71	1000				
2026-08-29 15:18	t1_nano_k025_t024_s1_s_s3_best_e3_img384	bbox_from_instance	0.02	0.5667	0.3503	0.7300	71	1000				
2026-08-29 15:18	t1_nano_k025_t024_s1_s_s3_best_e3_img512	bbox_from_instance	0.02	0.5515	0.3013	0.7159	71	1000				
2026-08-29 15:18	t1_nano_k025_t024_s1_s_s3_best_e3_sm1	bbox_from_instance	0.01	0.5680	0.3048	0.7443	71	1000				
2026-08-29 15:18	t1_nano_k025_t024_s1_s_s3_best_e3_sm2	bbox_from_instance	0.01	0.5720	0.3050	0.7435	71	1000				
2026-08-29 15:18	t1_nano_k025_t024_s2_n_s1_best_e3	bbox_from_instance	0.13	0.5336	0.2522	0.7176	71	1000				
2026-08-29 15:18	t1_nano_k025_t024_s2_n_s2_best_e25	bbox_from_instance	0.02	0.4844	0.2163	0.6872	71	1000				
2026-08-29 15:18	t1_nano_k025_t024_s2_n_s3_best_e2	bbox_from_instance	0.06	0.5414	0.3122	0.7124	71	1000				
2026-08-29 15:18	t1_nano_k025_t024_s4_n_s1_best_e4	bbox_from_instance	0.07	0.4655	0.1971	0.6783	71	1000				
2026-08-29 15:18	t1_nano_k025_t024_s4_n_s2_best_e10	bbox_from_instance	0.01	0.5159	0.2835	0.6760	71	1000				
2026-08-29 15:18	t1_nano_k025_t024_s4_n_s3_best_e24	bbox_from_instance	0.03	0.5444	0.2861	0.7225	71	1000				
2026-08-29 15:18	t1_nano_k025_t035_s1_n_s1_best_e2	bbox_from_instance	0.03	0.5351	0.2921	0.7031	71	1000				
2026-08-29 15:18	t1_nano_k0_t024_s1_n_s1_best_e2	bbox_from_instance	0.04	0.4966	0.2453	0.6869	71	1000				
2026-08-29 15:19	t1_nano_k0_t024_s1_n_s2_best_e2	bbox_from_instance	0.03	0.4912	0.2619	0.6529	71	1000				
2026-08-29 15:19	t1_nano_k0_t024_s1_n_s3_best_e2	bbox_from_instance	0.05	0.5468	0.2758	0.7078	71	1000				
2026-08-29 15:19	t1_nanoadd_k025_t024_s1_n_s1_best_e24	bbox_from_instance	0.04	0.5402	0.2754	0.7230	71	1000				
2026-08-29 15:19	t1s1_ft_canon_bfi_n_s1_best_e1	bbox_from_instance	0.05	0.4451	0.1836	0.6590	71	1000				
2026-08-29 15:19	t1s1_ftlow_canon_bfi_n_s1_best_e6	bbox_from_instance	0.01	0.4803	0.2498	0.6741	71	1000				
2026-08-29 15:19	t1s2_ftlow_canon_bfi_n_s2_best_e5	bbox_from_instance	0.03	0.5134	0.2762	0.6983	71	1000				
2026-08-29 15:19	t1s3_ftlow_canon_bfi_n_s3_best_e5	bbox_from_instance	0.02	0.5218	0.3024	0.6921	71	1000				
2026-08-29 15:19	1_bfi_yolo26_nano_best_e13_j2853799_csm1	bbox_from_instance	0.02	0.4639			71	1000	1_bfi_yolo26_nano_best_e13_j2853799	0.0270	0.0006	0.0546
2026-08-29 15:19	1_bfi_yolo26_nano_best_e13_j2853799_csm2	bbox_from_instance	0.03	0.4653			71	1000	1_bfi_yolo26_nano_best_e13_j2853799	0.0283	0.0090	0.0509
2026-08-29 15:19	10_bfi_yolo26_xlarge_additional_best_e25_j2853808	bbox	0.03	0.5834	0.3725	0.7475	71	1000				
2026-08-29 15:19	1_bfi_yolo26_nano_best_e13_j2853799	bbox	0.05	0.4954	0.2586	0.6730	71	1000				
2026-08-29 15:19	1_bfi_yolo26_nano_best_e13_j2853799_csm1	bbox	0.02	0.5243	0.2773	0.6994	71	1000				
2026-08-29 15:19	1_bfi_yolo26_nano_best_e13_j2853799_csm2	bbox	0.03	0.5288	0.2774	0.7062	71	1000				
2026-08-29 15:19	2_bfi_yolo26_nano_additional_best_e23_j2853800	bbox	0.04	0.5438	0.3127	0.7171	71	1000				
2026-08-29 15:19	3_bfi_yolo26_small_best_e2_j2853801	bbox	0.08	0.5064	0.2553	0.6918	71	1000				
2026-08-29 15:19	4_bfi_yolo26_small_additional_best_e12_j2853802	bbox	0.04	0.5032	0.2736	0.6814	71	1000				
2026-08-29 15:19	5_bfi_yolo26_medium_best_e10_j2853803	bbox	0.04	0.5289	0.2964	0.6835	71	1000				
2026-08-29 15:19	6_bfi_yolo26_medium_additional_best_e19_j2853804	bbox	0.02	0.5984	0.3626	0.7671	71	1000				
2026-08-29 15:19	7_bfi_yolo26_large_best_e19_j2853805	bbox	0.03	0.4705	0.1983	0.6735	71	1000				
2026-08-29 15:19	8_bfi_yolo26_large_additional_best_e9_j2853806	bbox	0.04	0.5908	0.3700	0.7517	71	1000				
2026-08-29 15:19	9_bfi_yolo26_xlarge_best_e21_j2853807	bbox	0.02	0.5214	0.2891	0.7213	71	1000				
2026-08-29 15:19	canon_bfi_n_s1_best_e18	bbox	0.03	0.5198	0.2846	0.6998	71	1000				
2026-08-29 15:19	canon_bfi_n_s1_best_e18_csm1	bbox	0.01	0.5592	0.3378	0.7318	71	1000				
2026-08-29 15:19	canon_bfi_n_s1_best_e18_csm2	bbox	0.01	0.5609	0.3450	0.7400	71	1000				
2026-08-29 15:19	canon_bfi_n_s1_best_e18_img384	bbox	0.02	0.5272	0.2829	0.6844	71	1000				
2026-08-29 15:19	canon_bfi_n_s1_best_e18_img512	bbox	0.03	0.5099	0.2709	0.7108	71	1000				
2026-08-29 15:19	canon_bfi_n_s1_best_e18_sm1	bbox	0.01	0.5574	0.3339	0.7314	71	1000				
2026-08-29 15:19	canon_bfi_n_s1_best_e18_sm2	bbox	0.01	0.5633	0.3408	0.7469	71	1000				
2026-08-29 15:19	canon_bfi_n_s2_best_e8	bbox	0.06	0.5177	0.2321	0.6895	71	1000				
2026-08-29 15:19	canon_bfi_n_s2_best_e8_csm1	bbox	0.02	0.5442	0.2644	0.7090	71	1000				
2026-08-29 15:19	canon_bfi_n_s2_best_e8_csm2	bbox	0.02	0.5510	0.2650	0.7190	71	1000				
2026-08-29 15:19	canon_bfi_n_s2_best_e8_img384	bbox	0.05	0.5181	0.2635	0.6821	71	1000				
2026-08-29 15:19	canon_bfi_n_s2_best_e8_img512	bbox	0.08	0.5000	0.2194	0.6879	71	1000				
2026-08-29 15:20	canon_bfi_n_s2_best_e8_sm1	bbox	0.02	0.5430	0.2853	0.7110	71	1000				
2026-08-29 15:20	canon_bfi_n_s2_best_e8_sm2	bbox	0.02	0.5493	0.2665	0.7080	71	1000				
2026-08-29 15:20	canon_bfi_n_s3_best_e22	bbox	0.04	0.4631	0.1982	0.6638	71	1000				
2026-08-29 15:20	canon_bfi_n_s3_best_e22_csm1	bbox	0.03	0.4826	0.2149	0.7097	71	1000				
2026-08-29 15:20	canon_bfi_n_s3_best_e22_csm2	bbox	0.02	0.4884	0.2327	0.6954	71	1000				
2026-08-29 15:20	canon_bfi_n_s3_best_e22_img384	bbox	0.04	0.5147	0.2570	0.7045	71	1000				
2026-08-29 15:20	canon_bfi_n_s3_best_e22_img512	bbox	0.06	0.4741	0.1957	0.6882	71	1000				
2026-08-29 15:20	canon_bfi_n_s3_best_e22_sm1	bbox	0.03	0.4804	0.2161	0.7073	71	1000				
2026-08-29 15:20	canon_bfi_n_s3_best_e22_sm2	bbox	0.05	0.4792	0.1958	0.7103	71	1000				
2026-08-29 15:20	canon_bfi_s_s1_best_e1	bbox	0.07	0.5470	0.2974	0.7230	71	1000				
2026-08-29 15:20	canon_bfi_s_s1_best_e1_img384	bbox	0.05	0.5032	0.2990	0.6419	71	1000				
2026-08-29 15:20	canon_bfi_s_s1_best_e1_img512	bbox	0.05	0.5341	0.2992	0.6950	71	1000				
2026-08-29 15:20	canon_bfi_s_s2_best_e25	bbox	0.02	0.4821	0.2392	0.6951	71	1000				
2026-08-29 15:20	canon_bfi_s_s2_best_e25_img384	bbox	0.01	0.4958	0.2510	0.6743	71	1000				
2026-08-29 15:20	canon_bfi_s_s2_best_e25_img512	bbox	0.03	0.5064	0.2230	0.6993	71	1000				
2026-08-29 15:20	canon_bfi_s_s3_best_e17	bbox	0.03	0.4663	0.1772	0.6797	71	1000				
2026-08-29 15:20	canon_bfi_s_s3_best_e17_img384	bbox	0.07	0.4856	0.1963	0.6808	71	1000				
2026-08-29 15:20	canon_bfi_s_s3_best_e17_img512	bbox	0.08	0.4697	0.1730	0.6802	71	1000				
2026-08-29 15:20	h50_interp_n_s1_best_e6	bbox	0.03	0.4115	0.1185	0.6766	71	1000				
2026-08-29 15:20	h50_interp_n_s2_best_e4	bbox	0.03	0.4178	0.1224	0.6566	71	1000				
2026-08-29 15:20	h50_interp_n_s3_best_e6	bbox	0.06	0.3969	0.1088	0.6494	71	1000				
2026-08-29 15:20	h50_interp_negall_n_s1_best_e3	bbox	0.08	0.4042	0.1306	0.6374	71	1000				
2026-08-29 15:20	h50_interp_negall_n_s2_best_e3	bbox	0.04	0.4375	0.1582	0.6541	71	1000				
2026-08-29 15:20	h50_interp_negall_n_s3_best_e3	bbox	0.06	0.4019	0.1166	0.6311	71	1000				
2026-08-29 15:20	h50_interp_s_s1_best_e2	bbox	0.02	0.4078	0.1416	0.6340	71	1000				
2026-08-29 15:20	h50_interp_s_s2_best_e3	bbox	0.12	0.4314	0.1260	0.6427	71	1000				
2026-08-29 15:20	h50_sparse_n_s1_best_e35	bbox	0.02	0.4251	0.1441	0.6510	71	1000				
2026-08-29 15:20	h50_sparse_n_s2_best_e24	bbox	0.02	0.4392	0.1410	0.6601	71	1000				
2026-08-29 15:20	h50_sparse_n_s3_best_e31	bbox	0.04	0.3756	0.0868	0.6493	71	1000				
2026-08-29 15:20	h50_sparse_s_s1_best_e9	bbox	0.01	0.3863	0.0992	0.6088	71	1000				
2026-08-29 15:20	h50_sparse_s_s2_best_e15	bbox	0.02	0.3567	0.1315	0.5357	71	1000				
2026-08-29 15:21	h50_teacher_dropempty_n_s1_best_e3	bbox	0.07	0.4971	0.2057	0.7007	71	1000				
2026-08-29 15:21	h50_teacher_n_s1_best_e2	bbox	0.05	0.4803	0.2079	0.6921	71	1000				
2026-08-29 15:21	h50_teacher_n_s2_best_e2	bbox	0.07	0.4720	0.2238	0.6808	71	1000				
2026-08-29 15:21	h50_teacher_n_s3_best_e3	bbox	0.05	0.4746	0.1809	0.6969	71	1000				
2026-08-29 15:21	interp_gt_a16_n_s1_best_e3	bbox	0.02	0.4497	0.1648	0.6575	71	1000				
2026-08-29 15:21	interp_gt_a2_n_s1_best_e2	bbox	0.10	0.4697	0.1851	0.6973	71	1000				
2026-08-29 15:21	interp_gt_a4_n_s1_best_e3	bbox	0.04	0.5160	0.2318	0.7180	71	1000				
2026-08-29 15:21	interp_gt_a8_n_s1_best_e2	bbox	0.03	0.4871	0.2012	0.7039	71	1000				
2026-08-29 15:21	interp_gt_s1_n_s1_best_e2	bbox	0.05	0.4678	0.1729	0.6603	71	1000				
2026-08-29 15:21	interp_gt_s1_n_s1_best_e2_sm1	bbox	0.04	0.4872	0.1888	0.6773	71	1000				
2026-08-29 15:21	interp_gt_s1_n_s1_best_e2_sm2	bbox	0.03	0.4929	0.1779	0.6917	71	1000				
2026-08-29 15:21	interp_gt_s1_n_s2_best_e2	bbox	0.07	0.5552	0.2685	0.7499	71	1000				
2026-08-29 15:21	interp_gt_s1_n_s2_best_e2_sm1	bbox	0.03	0.5808	0.2929	0.7478	71	1000				
2026-08-29 15:21	interp_gt_s1_n_s2_best_e2_sm2	bbox	0.03	0.5882	0.3203	0.7588	71	1000				
2026-08-29 15:21	interp_gt_s1_n_s3_best_e3	bbox	0.04	0.5002	0.1774	0.6963	71	1000				
2026-08-29 15:21	interp_gt_s1_n_s3_best_e3_sm1	bbox	0.02	0.5184	0.2377	0.7116	71	1000				
2026-08-29 15:21	interp_gt_s1_n_s3_best_e3_sm2	bbox	0.02	0.5201	0.1816	0.7109	71	1000				
2026-08-29 15:21	kd_bfi_x_n_s1_best_e17	bbox	0.02	0.4694	0.2086	0.6679	71	1000				
2026-08-29 15:21	kd_bfi_x_n_s2_best_e21	bbox	0.02	0.5273	0.2577	0.7142	71	1000				
2026-08-29 15:21	kd_bfi_x_n_s3_best_e22	bbox	0.01	0.5150	0.2326	0.6943	71	1000				
2026-08-29 15:21	kd_interp_n_s2_best_e2	bbox	0.05	0.4985	0.2199	0.6997	71	1000				
2026-08-29 15:21	kd_interp_n_s3_best_e3	bbox	0.04	0.5214	0.2384	0.6945	71	1000				
2026-08-29 15:21	kd_t1_n_s1_best_e3	bbox	0.03	0.5047	0.2109	0.6617	71	1000				
2026-08-29 15:21	kd_t1_n_s2_best_e3	bbox	0.04	0.5241	0.2342	0.7087	71	1000				
2026-08-29 15:21	kd_t1_n_s3_best_e2	bbox	0.03	0.5397	0.2914	0.6976	71	1000				
2026-08-29 15:21	t1_nano_k025_t015_s1_n_s1_best_e3	bbox	0.03	0.5311	0.2475	0.7093	71	1000				
2026-08-29 15:21	t1_nano_k025_t024_s1_keepempty_n_s1_best_e2	bbox	0.02	0.5095	0.2500	0.6901	71	1000				
2026-08-29 15:21	t1_nano_k025_t024_s1_n_s1_best_e2	bbox	0.04	0.5269	0.2526	0.7096	71	1000				
2026-08-29 15:21	t1_nano_k025_t024_s1_n_s1_best_e2_csm1	bbox	0.02	0.5488	0.2710	0.7158	71	1000				
2026-08-29 15:21	t1_nano_k025_t024_s1_n_s1_best_e2_csm2	bbox	0.02	0.5529	0.2967	0.7204	71	1000				
2026-08-29 15:21	t1_nano_k025_t024_s1_n_s1_best_e2_img384	bbox	0.04	0.5045	0.2394	0.6740	71	1000				
2026-08-29 15:22	t1_nano_k025_t024_s1_n_s1_best_e2_img512	bbox	0.05	0.4905	0.2332	0.7071	71	1000				
2026-08-29 15:22	t1_nano_k025_t024_s1_n_s1_best_e2_sm1	bbox	0.02	0.5487	0.2698	0.7117	71	1000				
2026-08-29 15:22	t1_nano_k025_t024_s1_n_s1_best_e2_sm2	bbox	0.02	0.5514	0.2861	0.7245	71	1000				
2026-08-29 15:22	t1_nano_k025_t024_s1_n_s2_best_e2	bbox	0.10	0.5256	0.2397	0.7029	71	1000				
2026-08-29 15:22	t1_nano_k025_t024_s1_n_s2_best_e2_csm1	bbox	0.03	0.5658	0.2634	0.7343	71	1000				
2026-08-29 15:22	t1_nano_k025_t024_s1_n_s2_best_e2_csm2	bbox	0.03	0.5705	0.2861	0.7444	71	1000				
2026-08-29 15:22	t1_nano_k025_t024_s1_n_s2_best_e2_img384	bbox	0.06	0.5339	0.2611	0.7064	71	1000				
2026-08-29 15:22	t1_nano_k025_t024_s1_n_s2_best_e2_img512	bbox	0.08	0.5351	0.2263	0.7348	71	1000				
2026-08-29 15:22	t1_nano_k025_t024_s1_n_s2_best_e2_sm1	bbox	0.03	0.5671	0.2682	0.7346	71	1000				
2026-08-29 15:22	t1_nano_k025_t024_s1_n_s2_best_e2_sm2	bbox	0.02	0.5722	0.3029	0.7487	71	1000				
2026-08-29 15:22	t1_nano_k025_t024_s1_n_s3_best_e2	bbox	0.07	0.5438	0.2538	0.7301	71	1000				
2026-08-29 15:22	t1_nano_k025_t024_s1_n_s3_best_e2_csm1	bbox	0.05	0.5622	0.2883	0.7268	71	1000				
2026-08-29 15:22	t1_nano_k025_t024_s1_n_s3_best_e2_csm2	bbox	0.02	0.5717	0.3099	0.7283	71	1000				
2026-08-29 15:22	t1_nano_k025_t024_s1_n_s3_best_e2_img384	bbox	0.05	0.5504	0.3133	0.7315	71	1000				
2026-08-29 15:22	t1_nano_k025_t024_s1_n_s3_best_e2_img512	bbox	0.03	0.5485	0.2841	0.7337	71	1000				
2026-08-29 15:22	t1_nano_k025_t024_s1_n_s3_best_e2_sm1	bbox	0.03	0.5687	0.2979	0.7458	71	1000				
2026-08-29 15:22	t1_nano_k025_t024_s1_n_s3_best_e2_sm2	bbox	0.06	0.5624	0.2722	0.7363	71	1000				
2026-08-29 15:22	t1_nano_k025_t024_s1_noneg_n_s1_best_e4	bbox	0.04	0.5213	0.2235	0.7010	71	1000				
2026-08-29 15:22	t1_nano_k025_t024_s1_noneg_n_s2_best_e3	bbox	0.05	0.4848	0.2027	0.6660	71	1000				
2026-08-29 15:22	t1_nano_k025_t024_s1_noneg_n_s3_best_e3	bbox	0.05	0.5480	0.2823	0.7126	71	1000				
2026-08-29 15:22	t1_nano_k025_t024_s1_s_s1_best_e1	bbox	0.09	0.5825	0.3760	0.7319	71	1000				
2026-08-29 15:22	t1_nano_k025_t024_s1_s_s1_best_e1_csm1	bbox	0.07	0.6078	0.4094	0.7435	71	1000				
2026-08-29 15:22	t1_nano_k025_t024_s1_s_s1_best_e1_csm2	bbox	0.07	0.6156	0.3994	0.7503	71	1000				
2026-08-29 15:22	t1_nano_k025_t024_s1_s_s1_best_e1_img384	bbox	0.06	0.5662	0.3492	0.7151	71	1000				
2026-08-29 15:22	t1_nano_k025_t024_s1_s_s1_best_e1_img512	bbox	0.11	0.5754	0.3481	0.7519	71	1000				
2026-08-29 15:22	t1_nano_k025_t024_s1_s_s1_best_e1_sm1	bbox	0.07	0.6035	0.3792	0.7474	71	1000				
2026-08-29 15:22	t1_nano_k025_t024_s1_s_s1_best_e1_sm2	bbox	0.08	0.6103	0.4060	0.7482	71	1000				
2026-08-29 15:22	t1_nano_k025_t024_s1_s_s2_best_e1	bbox	0.11	0.5475	0.3181	0.7043	71	1000				
2026-08-29 15:23	t1_nano_k025_t024_s1_s_s2_best_e1_csm1	bbox	0.09	0.5658	0.3271	0.7243	71	1000				
2026-08-29 15:23	t1_nano_k025_t024_s1_s_s2_best_e1_csm2	bbox	0.11	0.5699	0.3382	0.7224	71	1000				
2026-08-29 15:23	t1_nano_k025_t024_s1_s_s2_best_e1_img384	bbox	0.15	0.5766	0.3371	0.7322	71	1000				
2026-08-29 15:23	t1_nano_k025_t024_s1_s_s2_best_e1_img512	bbox	0.11	0.5392	0.2999	0.6820	71	1000				
2026-08-29 15:23	t1_nano_k025_t024_s1_s_s2_best_e1_sm1	bbox	0.08	0.5643	0.3249	0.7174	71	1000				
2026-08-29 15:23	t1_nano_k025_t024_s1_s_s2_best_e1_sm2	bbox	0.09	0.5671	0.3334	0.7206	71	1000				
2026-08-29 15:23	t1_nano_k025_t024_s1_s_s3_best_e3	bbox	0.02	0.5401	0.2697	0.7238	71	1000				
2026-08-29 15:23	t1_nano_k025_t024_s1_s_s3_best_e3_csm1	bbox	0.01	0.5596	0.3000	0.7235	71	1000				
2026-08-29 15:23	t1_nano_k025_t024_s1_s_s3_best_e3_csm2	bbox	0.01	0.5618	0.2954	0.7417	71	1000				
2026-08-29 15:23	t1_nano_k025_t024_s1_s_s3_best_e3_img384	bbox	0.02	0.5564	0.2999	0.7207	71	1000				
2026-08-29 15:23	t1_nano_k025_t024_s1_s_s3_best_e3_img512	bbox	0.03	0.5498	0.2662	0.7136	71	1000				
2026-08-29 15:23	t1_nano_k025_t024_s1_s_s3_best_e3_sm1	bbox	0.01	0.5582	0.3134	0.7398	71	1000				
2026-08-29 15:23	t1_nano_k025_t024_s1_s_s3_best_e3_sm2	bbox	0.01	0.5612	0.2685	0.7372	71	1000				
2026-08-29 15:23	t1_nano_k025_t024_s2_n_s1_best_e3	bbox	0.14	0.5370	0.2451	0.7148	71	1000				
2026-08-29 15:23	t1_nano_k025_t024_s2_n_s2_best_e25	bbox	0.02	0.4955	0.2102	0.6805	71	1000				
2026-08-29 15:23	t1_nano_k025_t024_s2_n_s3_best_e2	bbox	0.11	0.5093	0.2802	0.7029	71	1000				
2026-08-29 15:23	t1_nano_k025_t024_s4_n_s1_best_e4	bbox	0.09	0.4666	0.1755	0.6734	71	1000				
2026-08-29 15:23	t1_nano_k025_t024_s4_n_s2_best_e10	bbox	0.01	0.5211	0.2380	0.6984	71	1000				
2026-08-29 15:23	t1_nano_k025_t024_s4_n_s3_best_e24	bbox	0.02	0.5453	0.2826	0.7164	71	1000				
2026-08-29 15:23	t1_nano_k025_t035_s1_n_s1_best_e2	bbox	0.03	0.5430	0.2912	0.7089	71	1000				
2026-08-29 15:23	t1_nano_k0_t024_s1_n_s1_best_e2	bbox	0.04	0.5119	0.2364	0.6965	71	1000				
2026-08-29 15:23	t1_nano_k0_t024_s1_n_s2_best_e2	bbox	0.03	0.4954	0.2376	0.6503	71	1000				
2026-08-29 15:23	t1_nano_k0_t024_s1_n_s3_best_e2	bbox	0.05	0.5365	0.2630	0.7051	71	1000				
2026-08-29 15:23	t1_nanoadd_k025_t024_s1_n_s1_best_e24	bbox	0.04	0.5406	0.2554	0.7258	71	1000				
2026-08-29 15:23	t1s1_ft_canon_bfi_n_s1_best_e1	bbox	0.05	0.4627	0.1672	0.6712	71	1000				
2026-08-29 15:23	t1s1_ftlow_canon_bfi_n_s1_best_e6	bbox	0.01	0.4944	0.2600	0.6931	71	1000				
2026-08-29 15:23	t1s2_ftlow_canon_bfi_n_s2_best_e5	bbox	0.03	0.5355	0.2599	0.7044	71	1000				
2026-08-29 15:23	t1s3_ftlow_canon_bfi_n_s3_best_e5	bbox	0.02	0.5095	0.2841	0.6789	71	1000				
2026-08-29 15:23	1_bfi_yolo26_nano_best_e13_j2853799_csm1	bbox	0.02	0.5243			71	1000	1_bfi_yolo26_nano_best_e13_j2853799	0.0289	0.0047	0.0537
2026-08-29 15:23	1_bfi_yolo26_nano_best_e13_j2853799_csm2	bbox	0.03	0.5288			71	1000	1_bfi_yolo26_nano_best_e13_j2853799	0.0334	0.0172	0.0519
2026-09-16 02:40	interp_gt_s1_s_s1_best_e2	bbox_from_instance	0.02	0.5000	0.2618	0.6768	71	1000				
2026-09-16 02:40	interp_gt_s1_s_s2_best_e2	bbox_from_instance	0.02	0.5087	0.2762	0.6841	71	1000				
2026-09-16 02:40	interp_gt_s1_s_s3_best_e1	bbox_from_instance	0.11	0.5630	0.3521	0.7127	71	1000				
2026-09-16 02:40	interp_gt_s1_s_s1_best_e2	bbox	0.02	0.5128	0.2678	0.6828	71	1000				
2026-09-16 02:40	interp_gt_s1_s_s2_best_e2	bbox	0.02	0.4979	0.2653	0.6923	71	1000				
2026-09-16 02:40	interp_gt_s1_s_s3_best_e1	bbox	0.11	0.5551	0.3424	0.7127	71	1000				
2026-09-16 02:44	interp_gt_s1_s[pooled 3 seeds]	bbox_from_instance		0.5235			71	1000	canon_bfi_s[pooled 3 seeds]	0.0428	0.0014	0.0867
2026-09-16 02:44	t1_nano_k025_t024_s1_s[pooled 3 seeds]	bbox_from_instance		0.5499			71	1000	interp_gt_s1_s[pooled 3 seeds]	0.0263	-0.0108	0.0678
2026-09-16 02:45	interp_gt_s1_s[pooled 3 seeds]	bbox		0.5216			71	1000	canon_bfi_s[pooled 3 seeds]	0.0225	-0.0200	0.0842
2026-09-16 02:45	t1_nano_k025_t024_s1_s[pooled 3 seeds]	bbox		0.5569			71	1000	interp_gt_s1_s[pooled 3 seeds]	0.0353	-0.0143	0.0878
